ID,Labels
00000_00001,< i nn a m aa y a x $ a ll a h u m i n E i b aa d u h u l E u l a m aa
00000_00002,< a nn a ll a h a b a r ii < u m i n a l m u $ r i k ii n a w a r a s uu l u h
00000_00003,w a < i * i b t a l aa E i b r aa h ii m u r a bb u h
00000_00004,m aa n a n s a x U m i < aa y a t
00000_00004439,m aa n a n s a x U m < aa y a t
00000_00005,y u x A $ ii k u m u n u E aa s u < a m a n a m i n h
00000_00005837,y u x $ ii k u m u n u E aa s u E a m a n a m i n h
00000_00006,w a l y a s t a E f i ll a * ii n a l aa y a j i d uu n a n i k aa H aa
00000_00006268,w a l y a s t a E f ii ll a * ii n a l aa y a j i d uu n a n i k aa H a
00000_00007,< a l ll a h u ll a * ii x A l a k u k u m i n D A E f
00000_00011,w AA rr nn a d aa m a t a l a mm aa r a < u l E a * aa b a
00000_00012,h a l < a d u ll u k a E a l aa j a j a r a t i l x U d
00000_00012153,h a l < a d u ll u k a E a l aa j a j a r a t i l x U l d
00000_00012765,h a l < a d u ll u k a E a l aa j a j a r a t i l x U l d
00000_00013,w a < i nn a m i n h u m l a f a r ii q AA y a l g U n a E a l s i n a t a h u m b i l k i t aa b
00000_00013143,w a y n nn a m i n h u m l a f a r ii q AA y a l g U n aa a l s i n a t a h u m b i l k i t aa b
00000_00013343,w a < i nn a m i n h u m l a f a r ii q AA y a l g u n a E a l s i n a t a h u m b i l k i t aa b
00000_00015,y a s < a l u k a < a h l u l k i t aa w b i < a n t u n a zz i l a E a l a y i h i m k i t aa b aa m i n a ss a m aa
00000_00015284,y a s < a l u k a < a h l u l k i t a w b i < a n t u n a zz i l a E a l a y h i m k i t aa b aa m i n ss a m aa <
00000_00017,w a s l u E a l a y h i m n a b a E y i b r aa h ii m a
00000_00018,w a H ii n a T A D A E uu n a f h i y aa b a k u mm i n A ZZ A h ii r a t
00000_00018225,w a H ii n a t A D E uu n a ^ i y aa b a k u m m i n a ZZ A h ii r a t
00000_00018872,w a H ii n a t A D A E uu n a ^ i y aa b a k u m m i n a ZZ A h ii r a
00000_00018942,w a H ii n a T A d E uu n a ^ i y aa b a k u m m i n a ZZ A h ii r a t
00000_00020,t a b a E u h a rr aa d i f a t
00000_00021,f a < i * aa h u mm i n a l < a j d aa * ii < i l aa r a bb i h i m y a n s i l uu n
00000_00021863,f a < i * aa h u mm i n a l < a j u d aa * i i l aa r a bb i h i m y a n s i l uu n
00000_00022,l A q A d k a f a r a ll a * ii n a q AA l uu < i nn a ll a h a E a < aa l ii ^ a l aa ^ a
00000_00022315,l A q A d k a f a r a ll a * ii n a q AA l uu < i nn a ll a h a ^ aa l i ^ a l aa ^ a
00000_00024,^ u mm a $ t a b aa h u r a bb u h u f a t a E b a E a l a y h
00000_00025,w a y a k uu n a tt ii tt ii n u l i ll a h h i
00000_00025760,w a y a k uu n a tt ii n u l i ll a h
00000_00026,* aa l i k a < a nn a E a l aa t a E uu l
00000_00026580,* aa l i k a < a nn a E a l aa t a E uu l
00000_00027,f a h y a < i l aa l < a * q AA n i f a h u m U q m a H uu n
00000_00029,l ii ll a * ii n a t a s d aa r ii < E y uu n u k u m
00000_00029896,l i ll a * ii n a t a s d a r ii < a E y u n u k u m
00000_00029984,l i ll a * ii n a t a s d a r ii a E a y u n a k u m
00000_00030,* aa l i k u m < a s k aa l a k u m w a < A T h a r
00000_00031,b i b I D AA E a m u s j aa t f a E a f
00000_00032,l a y u s l I q UU n a k a b ii < a b S AA r i h i m
00000_00033,< a ll a * ii y u s t ii l a k u m u l f u l k aa
00000_00034,< ii y aa k aa n a E b a d
00000_00034669,< ii y aa k aa n a E b u d u
00000_00037,< a l H a m d u l i ll a h i r a bb a l E aa l a m ii n
00000_00038,w a y i * q AA l a < i b r a h ii m u r a bb u j E a l h aa * aa l b a l a d a < aa m i n aa
00000_00038340,w a < i * q AA l a E i b r aa h ii m u r a bb u j i E a l h aa * aa l b a l a d aa m i n a
00000_00039,w a < u l aa < i k a h u m u l m u f l i H ii n
00000_00039408,w a < u l aa < i k a h u m u l m u f l i H ii n a
00000_00040,* aa l i k a l k i t aa b u l aa r ii b u f ii h
00000_00040341,* aa l i k a l k i t aa b u l aa r a y b u f ii h
00000_00040652,* aa l i k a l k i t aa b u l aa r a y b u f ii h
00000_00041,w a m aa m u H a mm a d u < i ll aa r a s uu l
00000_00041892,w a m aa m u H a mm a d u < i ll aa r a s uu l
00000_00044,f a s a bb i H b i s m i r a bb i k a l E A Z II m
00000_00044780,f a s a bb i H b i s m i r a bb i k a l E A Z II m
00000_00048,< i nn a ll a h a y a f E a l u m aa y u r ii d a
00000_00052,< i y aa k a n a E b u d u w a y i y a k a n i s t i E ii n
00000_00053,w a s ii q AA ll a * ii n a tt A q A w r a bb a h u m < i l aa l j a nn a t i z u m u r aa
00000_00053243,w a s ii q AA ll a * ii n a tt A q A w r a bb a h u m < i l aa l j a nn a t i z u m u r aa
00000_00056,w a * j u E a nn aa l b a y t a m a ^ aa b a t a l i nn aa s i w aa m n aa
00000_00058,q AA l aa r a bb a n aa < i nn aa n a x AA f u < a n y a f r U D A E a l a y n aa
00000_00059,w a l a n t a s t A T II E u E a n t a E d ii l u b a y n a nn i s aa < w a l a w H a r i s t u m
00000_00060,w a m a n < a z d A q U m i n a ll a h i H a d ii h a
00000_00060258,w a m a n < a z d A q U m i n a ll a h i H a d ii ^ a
00000_00061,s i r AA T A ll a * ii n a E a m t a E a l a y h i m g A y r i l m a g D UU b i E a l a y h i m w a l A f aa ll
00000_00061267,S I r AA T A ll a * ii n a E a m t a E a l a y h i m g A y r i l m a g d uu b i E a l a y h i m w a l A ZZ AA ll ii n
00000_00062,f a m a n i TT A rr a g A y r a b AA g w a l aa E aa d f a l aa < i ^ m a E a l a y h
00000_00066,w a < u x r aa l a m T A q d i r u E a l a y h aa q A d a H aa T A ll a h u b i h aa
00000_00069,l a w l aa < a n ^ a bb a t n aa k a l A q A d k i t a r k a n u < i l a y h i m $ a y < aa q A l ii l a
00000_00069198,l a w l aa ^ a bb a t n aa k a l A q A d k i tt a r k a n u < i l a y h i m $ a y < aa q A l ii l a
00000_00072,w A q t u l uu h u m H a y f a q I f t m uu h u m
00000_00073,f a w a ll i w a $ H a k aa $ a T r a l m a s j i d ii l H a r aa m
00000_00075,f AA S f a E a n h u m w A q U l s a l aa m u
00000_00076,w a < a h d ii y a k a < i l aa r a bb i k f a t a g $ aa
00000_00076311,w a h d i y a k < i l aa r a bb i k a f a t a g $ aa
00000_00080,w a w aa E a nn aa m uu s aa ^ a l aa ^ ii n a l a y l a aa
00000_00081,f A D AA q A t w a b aa l a < a m r i h aa
00000_00082,q AA l a m a E aa < Z A ll a h i < a n nn a < x U * a
00000_00083,f a s aa < a m A T A r u l m u n Z A r ii n
00000_00084,w a < i nn ii E u t u b i r a bb ii w a r a bb i k u m
00000_00085,m a y u H aa y i l a y a m i n rr a a r a bb
00000_00086,w A T uu x r u f aa w a < i n k u ll u * aa l i k
00000_00086606,w A T u x r u f aa w a < i n k u ll u * aa l i k
00000_00087,E i n d a h aa r i s q AA q AA l a
00000_00089,w a H a f a n aa h u m aa b i n a x l w a j E a l n aa b a y n a h u m aa z a r E a
00000_000892,w a H a f a n aa h u m aa b i n a x l w a j a E a l n aa b a y n a h u m aa z a r E aa
00000_00089291,w a H a f a n aa h u m aa b i n a x l w a j E a l n aa b a y n a h u m aa z a r E aa
00000_00090,w a y a m $ ii f ii l < a s w aa k
00000_00092,< a f a < a m ii n uu m a k r aa ll a h i f a l aa y a < m a n u m a k r a ll a h i < i ll aa l q A w m u l x AA S I r uu n
00000_00092298,< a f a < a m i n uu m a k r a ll a h i f a l aa y a < m a n u m a k r a ll a h i < i ll aa l q A w m u l x AA S I r uu n
00000_00092531,< a f a < a m i n uu m a k r a ll a h i f a l aa y a < m a n u m a k r a ll a h i < i ll aa l q A w m i l x AA S I r uu n
00000_00093,l aa < i k r aa h a f ii dd ii n I q A t a b a y a n a rr u j d u m i n a l g A y
00000_00093313,l aa < i k r aa h a f ii dd ii n i q A tt a b a yy a n a rr uu j u d u m i n a l g A y
00000_00095,w a E a d a d n aa l i l k aa f i r ii r u E a * aa b aa m u h ii n a
00000_00096,l i y a zz i y a ll a * ii n a E aa m a n uu w a E a m i l u SS AA l i H aa t
00000_0009646,l i y a zz i a ll a * ii n a m a n uu w a E a m i l u S AA l i H aa t
00000_00097,< a rr a rr a rr a H m aa n
00001_00000,w aa tt A q A ll a h a ll a * ii t u s a < a l uu n a b i h i w a l < a r H a m ii
00001_00002,< i nn a ll a h a b a r ii < m i n a l m a $ r i k ii n a w a r a s uu l i h
00001_00002621,< i nn a ll a h u bb a r ii < u m i n a l m u $ r a k ii n a f a r a s uu l u h
00001_00003,w a < i * b t a l aa < i b r aa h i m u r a bb u h
00001_00004,m aa n a n x U m i n < aa y a
00001_00006,w a l y a s t a E f i ll a * ii n a l aa y a j u d uu n a l i k aa H aa
00001_00006977,w a l y a s t a E f a ll a * ii n a l aa y u j u d uu n a n i k aa H aa
00001_00007,< a l ll a h u w a ll a * ii x A l a k u k u m m i n Z U E f n
00001_00008,< a m t A q U l uu n a < i nn a < i b r aa h ii m a w a < i s m a E ii l a w a < i s H AA q A w a y a E q UU b aa w a l < A S b aa T A k aa n u w a h u d aa < a w n A S AA r aa
00001_00008142,< a m t A q UU l uu n a < i nn a < i b r aa h i m a w a < i s m a E ii l a w a < I S H AA q A w a y a E q U bb A w a l A S b AA T A k aa n u h u d aa < a b n A S AA r aa
00001_0000834,< a m t A q UU l uu n a < i nn a < i b r aa h ii m a w a < i s m a E ii l a w a < i s H AA q A w a y a E qq UU w a w a l < A S b AA T A k aa n u h u d aa < a w n A S AA r aa
00001_00011,w a < A rr u w a nn a d a m a t a l a mm aa r a < a w a l E a * aa b aa
00001_00012,h a l < a d u l u k a E a l aa j a j a r a t i l x U l d
00001_00012280,h a l < a d u l a k a E a l aa j a j r a t i l x U l d
00001_00012531,h a l < a d u ll u k a E a l aa t a j a r a t i l x U l d
00001_00013,w a < i nn a m i n h u m l a f a r ii q AA y a l w u a < a l S I n a t u h u m b i l k i t aa b
00001_00014,s a ll a b n ii < i s r aa < ii l a k a m < a < t a y n aa h u m m i n < aa y a b a yy i n a
00001_00016,l A q A d k aa n a f ii y uu s i f w a < i w a t i h i < aa y aa t l i ss aa < i l ii n
00001_00017,w aa s l uu E a l a y h u m n a b aa < i b r aa h ii m aa
00001_00018,w a H ii n a t A d E uu n a ^ i y a b a k u m m i n a ZZ A h II r a t ii h
00001_00018877,w a H ii n a t A D A E uu n a f ii y a b a k u m m i n Z A h ii r a
00001_00019,< a f a t A T m a E uu n a < a n y u < m m i n uu l a k u m
00001_0001941,< a f t A T U m a E uu n a < a n y u < m i n uu l a k u m
00001_00020,t a b a E u h aa r aa d i f a
00001_00022,l A q A d k a f a r a ll a * ii n A q A l uu < i nn a ll a h a ^ a l i ^ a l aa ^ a
00001_00023,q AA l a k a m l a b i t u m f ii l < a r D I E a d a d a s i n ii n aa
00001_00024,^ u mm aa $ t a b aa h u r a bb u h a f a t a h a b a E a l a y h
00001_00025,w a y a k uu n a t ii y n u l i ** a h
00001_0002538,w a y a k uu n a l ii y i n u l i ll a h
00001_00026,* aa l i k a < a nn aa < a n l aa t a E w u l
00001_00027,f a h i y a < i r aa l < A * q AA n ii f a h u m m U q m a H uu n
00001_00028,w A Z A ll A E n aa h a l a h u m f a m i n h aa r u k uu b u h u m
00001_00029,l a ll a * ii n a t a s d a r ii < a E y u n u k u m
00001_00029347,l i ll a * ii n a t a s t a r ii < a E y u n u k u m
00001_00029800,l i ll a * ii n a t a s t a r ii < a E y u n u k u m
00001_00030,* aa l i k u m < a s k aa l i k u m w a < A T h a r
00001_00031,b D AA E a h m u s j aa f a < a f
00001_00034,< ii y a k aa n u E b u d u
00001_00034643,< a y a k aa n u E b u d
00001_00035,< i nn a ll A h a g A n ii y a t a E a n aa l E aa l a m ii n aa
00001_00036,w a < i nn a ll a h a E a l aa k u ll i $ a y < q A d ii r aa
00001_00036231,w a < i nn a ll a h a E a l aa k u ll i $ a y < q A d ii r
00001_00037,h a l H a m d u l i ll a h i r a bb a l E aa l a m ii n
00001_00040,* a l i k a l k i t aa b u l aa r a y bb u f i h
00001_00040856,* a l i k a l k i t a b u l aa r a y b u f ii h
00001_00042,w a k a * a l i k a j a E a l n aa k u m < u mm a w a s A T UU
00001_00042136,w a k a * a l i k a j a E a n aa k u m < u mm a aa w a s A T UU
00001_00044,f a s a bb i H b i s m i r u bb i k a l E A Z A y m uu
00001_0004446,f a s a bb i H bb i s m i r u bb i k a l E A Z II m uu
00001_00045,b U q UU d u h aa nn aa s i w a l H i j aa r a
00001_00047,< i nn a SS A f a w a l m a r w a m i n $ a E a y r u ll a h
00001_00048,< i nn a ll a h a y a f E a l u m aa y u r ii d a
00001_00049,< a ll a z ii n a y u < m i n uu n a b i * g A y b
00001_00050,< i H d i n a zz I r AA t A t l m u s t A q II m
00001_00051,q AA l a l aa t a x AA f aa < i nn a n ii m a E a k u mm aa < a s m a E w a < a r aa
00001_00053,w A S II q AA l a * i h i n a tt A q UU r a bb a h u m < i l aa j a nn a t ii z u m u r aa
00001_00054,y a w m a n A T u w i ss a m aa < a q A T A y i < a ss a j a ll i l i l k u t u b ii y
00001_00055,w aa E r a * E a n y l j aa h i l ii n
00001_00055317,w a E a r D E a n aa E u j aa h i r ii n
00001_00055323,w a E r a d E a n E a j aa h i l ii n
00001_00056,w a < i * t a E a nn a l b a y t a m a ^ a a b a l a nn aa s i w u < a m n aa
00001_00057,l a < a k a l uu m m i n f a w q I h i m w a m i n t a H t i < a r j u l i h i m
00001_00058,q AA l a r a bb a n aa < i nn aa n a x AA f u < a n y u f r I T A E a l a y n aa
00001_00058767,q AA l a r a bb a n aa < i nn aa n a x AA f u < a n y a f r U T A E a l a y n aa
00001_00060,w a m a n < A z d A q U m i n ll a h i H a d ii ^ a
00001_00060385,w a m a n < A S t U k u m m i n a ll a h i H a d ii ^ a
00001_00065,w a m aa k aa n a E A T AA < u r u bb i k a m a H * uu r aa
00001_00066,w a < u x r aa l a m t A q d i r uu E a l a y h aa q A d < a H AA T A ll a h u b i h aa
00001_0006626,w a < a x r aa l a m t A q d i r uu E a l a y h aa q A d < a H AA T A ll a h u b i h aa
00001_00066380,w a < a x r aa l a m t A q d i r u E a l a y h a q A d < a H AA T A ll a h u b i h aa
00001_00068,w A t A T H u k uu n a w a l aa t a b k uu n
00001_00068282,w a t A T H u k uu n a w a l aa t a b k uu n
00001_00069,l a w l aa < a n ^ a bb a t n aa k a l A q A d k i tt aa t a r k u n a < i l a y h u m $ a y < aa q A l ii l aa
00001_00069126,l a w l aa < a n ^ a bb a t n aa k a l A q A d k i tt aa t a r k a n uu < i l a y h u m $ a y < aa q A l ii l aa
00001_00070,w a j a d a h aa t A T l i E u E a l aa q A w m l a m n a j E a l
00001_00070545,w a j a d a h aa t A T l u E u E a l aa q U m m i n l a m n a j E a l h
00001_00071,w a m a n $ a rr i nn a ff r a f a r t i f ii l E U q A d
00001_00071599,m u mm a n $ a rr i nn a ff f a E a t i f ii l E U q A d
00001_00072,w A q t u l uu h u m H a y ^ a S A q A f t u m a h u m
00001_00075,f a < A S f a H E a n h u m m m U q U l s a l aa m
00001_00077,m i n l < a n b aa < i m aa f ii h i m m u s t a j r
00001_00078,w a l aa < A q UU l u l aa ll a * ii n a t a s t a r ii < a E y uu n u k u m
00001_00080,w a w E a n aa m uu s a ^ a l aa ^ ii n a l a y l a
00001_00081,f A * AA q A t w a b aa l a < a m r i h aa
00001_00081632,f A D AA q A t w a b aa l a < a m r i h aa
00001_00083,f a s aa < a m A T A r u l m u n a ** a r ii n
00001_00083269,f a s aa < a m A T UU r u l m a n Z A r ii n
00001_00084,w a < a nn a E u s t b i r u bb i r a bb i k u m
00001_00084483,w a < a nn ii E u s t u b i r u bb i w a r a bb i k u m
00001_00086,w a * x r u f a w a < i nn u k u ll u * aa l i k
00001_00089,w a H a f a f n aa h u m aa b i n a x l w a j a E a n aa b ii y n a h u m aa z a r E aa
00001_00092,h aa f a < aa m i n uu m a k r a ll a h i f a l aa E y a < mm a n u m a k r aa ll a h i y i * aa l q U mm a l x AA S I r uu n
00001_00092922,< a f a < a m i n uu h u m a k r a ll a h i f a l aa < i y < a mm a n u m a k r a ll a h i < i ll aa l q U m a l x AA S I r uu n
00001_00093,l aa < i k r aa h a f i dd ii n n I q A t a b a yy a n a E u j u d uu m i n a l g A yy
00001_0009342,l aa < i k r aa H a f i dd ii n i q A tt a b a yy a n a rr u j t u m i n a l g A yy
00001_00095,w a E a d a d n aa l i l k aa f i r ii n a E a * aa b aa m u h ii n aa
00001_00097,< a rr a H m aa n
00001_00097156,f a rr u H m a n
00002_00000,w aa tt A q UU ll a E a ll a * ii t u s aa < a l uu n a b i h i w a l < a r H aa m n
00002_00002,< i nn a ll a h a b a r ii < u m i n a l m u $ r i k ii n a g A r a s a w l i h ii n
00002_00003,w a < a * i b t a d aa < i b a r aa E h ii m u r a bb h
00002_00003326,w a < i * b t a l aa < i b r a < a y m u r a bb u h
00002_00006,w a l i y a s t a H f a ll a * ii n a l aa y a j i d uu n a n i k aa H aa
00002_00007,< a ll a h u ll a d i y x A l a k a k u m m i n D U E f aa
00002_00007448,< a ll a ll a * ii x A l a k a k u m m i n b u E f
00002_00008,< a m t A q UU l uu n a < i nn a < i b r aa h ii m a w a < a s m a E ii l a w a < a z H AA q A w a y a E q UU b a w a l < A S b AA T A k aa n uu h u d aa < a w n a S AA r aa
00002_00009,w a k a * aa l i k a j a E l n aa k u m < u m a t w a S A T AA
00002_00010,w a l a w b A S A T A ll aa h u rr i z q A l i E i b aa d i h
00002_00010136,w a l aa < u b A S A T A m a E a rr I s q A l i E i b aa d i h
00002_00011,w a < A S A rr u nn a d aa m a t a l a mm aa r a < a w a l E a * aa b aa
00002_00011403,w a < A S A rr nn a d aa m a t a l a mm aa r a < a ww a l E a * aa b aa
00002_00012,h a l < a t u ll u k a E a n aa j a j a r a t i E l x A l dd ii
00002_00012447,h a l < a d u l ll u k a E a l aa j a j a r a t i y a l x U l t ii
00002_00013,w a < i nn a m i n h u m l a f a r ii q AA y u l uu n a < a l s i n a t a h u m b i l k i t aa b
00002_00014,s a l b a n ii < s r aa < i y l a k a m t a y n aa h u m i n < aa y a t b a yy a n a
00002_00014351,s a l b a n ii < i s r aa < ii y i l a k a m t ii n aa h u m m i n < aa y a t b a yy n a ii
00002_00015,y a s < a l u k a < a H l u l k u t uu b i < a n t u n a z ii l a E a l a y h i m k i t aa b a m i n a ss a m aa < i
00002_00015349,y a s < a l u k a < a E a l u l k u t u b i < a m t u m a z i l a E a l a y h u m k i t aa b aa m i n a ss a m aa < ii
00002_00016,l A q A d i k aa n a f a y u s a f a w a < a x w a t i h i < aa y aa t u l i ss aa < i l ii n a
00002_00019,< a f a t U T m i E uu n a < a n y u < m i n uu l a k m
00002_0001937,< a f T A T U m a E uu n a < a n y u < mm i l uu l a k m
00002_00021,f a < i * aa h u m i n a l < a j i d aa E * i h < i l aa r a bb i h i m y a n s i l uu n
00002_00022,l A q A y t k a f a r a l ll a * ii nn a q AA l uu h u < i nn a ll a E a ^ aa l i ^ i ^ a l aa ^ a
00002_00024,^ a mm a $ t a b aa E u r a bb u h u f a t aa b a E a l a y
00002_00025,w a y a k uu n u tt ii n u l i ll a h
00002_00025916,w a y a k uu n a t ii n u l i l aa y
00002_00026,^ aa l i k a < a n n aa < a ll aa t a E l
00002_00028,w A Z A ll aa l n aa h aa l a h u m f a m i n h aa r u k uu b u E uu m
00002_00028319,w A T A ll aa l n aa < a y aa h u m f a m i n h aa r u k h u b u h u m
00002_00029,l i ll a * ii n a t a s t a r i h < a E y u n u k
00002_00030,* aa l i k u m < a s k aa E l a k u m w a < A T AA r uu
00002_00031,b i b i Z AA E a t m u s t aa E a t i f a < a w f ii
00002_00034,< ii y aa k a n a E bb u d u h
00002_00036,w a < i nn a ll a h a E a l aa k u ll i s a y < q A d ii r aa
00002_00037,< a l H a m d u l i ll a h i r a bb a l E aa l a m ii n aa
00002_00038,w a < i * q AA l a < i b r aa h ii m u r a bb u j E a l E aa * aa l b a l a d a < aa m i n aa
00002_00040,aa l i k a l k i t aa b u l aa r a y b u f ii h
00002_00042,w a k a * aa l i k a t u E a l n aa k h u m < u mm a m A t A T A
00002_00043,w a E a d a mm aa h i l a y u x l i f u l m a E a w a E d h
00002_00043676,w a E a d a ll a < i l aa y u x l i f u ll a h a w a E d a h
00002_00044,f a s a bb i H bb i s m i r a bb i k l E A D II y m aa
00002_00045,w A q UU d u h u nn aa s i w a l H i j aa r a
00002_00046,l i k a y l aa y a k uu n a d uu l a t u b a y n a l < a g n i y aa E < i m i n E uu m
00002_00047,< i nn a SS A f a w a l m a r w a t a m i n $ a E aa < i r ll a h
00002_00048,< i nn a ll a h a y a f E a l u m aa y u r ii d aa
00002_00048102,< i nn a ll a h a y a f E a l u m aa y u r ii d aa
00002_00049,< a ll a z ii n a y u < mm i n uu n a b i l g A y b ii
00002_00050,< i h d ii n a SS I r AA T A l m u s t A q II m a
00002_00051,q AA l aa l aa t A x AA f aa < i nn ii m a E k u m aa < a s m a E u w a < a r aa
00002_00051139,q AA l aa l aa t a g AA f a < i nn a n ii m aa E k u m aa < a s m a E uu w a < a r aa
00002_00052,< i y aa k a n a E b u d u w a < ii y a k a n y s t a E ii n uu
00002_00052350,< ii y aa k a n a E b u d u w a < i y aa k a n i s t i E ii n uu
00002_00055,w a < a H r r bb E a n y l j aa E a l * ii n aa
00002_00056,w a < i * jj a E a nn aa i b a < i t aa b a ^ aa b a s a ll i nn aa s i w a < a m n aa
00002_00060,w a m a n < a z d A q U m i n a ll aa r i y a H a d ii ^ a n
00002_00060401,w a m a n n z d A q U m a n a ll a h i H a d ii ^ a
00002_00062,f a m a n TT U rr a g A y r a b aa x w a l aa E aa t i ^ a l aa < i ^ m a E a l a
00002_00063,w A q AA t i l uu f ii s a b ii l i ll a h i ll a * ii n a y U q AA t i l uu n a k u m w a l aa t a H t a d uu
00002_00063523,w A q AA t i l uu f ii s a b ii l i ll a h i ll a * ii a y U t i l uu n a k u m w a l aa t a H t a d uu
00002_00064,w aa s m a H g A y r a m u s m aa E
00002_00065,w a m aa k aa n a E A T AA < u r a < i k a m a H * uu r aa
00002_00067,< i nn a m aa n a H n u f ii s n a t u m f a l aa t a k f a r
00002_00068,w A T A D H a k uu n a w a l aa t a b k uu n
00002_00070,w a j a d a h t A T l i E u E a l aa q A w m i l a m n a j E a l
00002_00070276,w a j a t a h aa t A T l i E u E a l aa q A w m i l a m n a j E a l
00002_00070304,w a j a d a h aa t A g T U l E a l aa q A w m l a m n a j E aa l
00002_00071,w a m a n $ a rr n a f E a f a E a t i f a l E A q A d i
00002_00072,w A q t i l uu h u m H a y t a ^ A q I f t u m uu h u m
00002_00073,f a w a ll ii w a $ H a k $ A T r aa l m a s j i d i l H a r aa m
00002_00074,w a l aa j u n aa E a E a l a y k u m
00002_00077,m i n a l < a n b aa < i m aa f ii h i m u s h a j aa r
00002_00077466,m i n a l < a n b aa < i m aa f ii i m u s tt a j i r uu n
00002_00077795,m i n a l < a m b aa E a < i m aa E f ii h i m u s t a j a r
00002_00078,w a l aa < A q UU l u l i l a * ii n a t a s t a r ii < a H ii y u n u k uu m
00002_00080,w a w aa E a nn aa m uu s aa ^ a l aa ^ ii n a l a y l a
00002_00082,q AA l a m a E aa * aa ll a h i < a nn a < x U * aa
00002_00083,f a s aa < a m aa T A r u l m a n D I r ii n
00002_00084,w a < i nn ii E u * t u b i r a bb i w a r a bb i k a m
00002_00086,w aa * aa x r u f aa w a < i nn a k u ll u d aa l i k aa
00002_00086493,w aa * u x r a f a n w a < i nn a k u ll a * aa l i k aa
00002_00088,y a H $ a n aa s a h * aa E a * aa b < a l ii m
00002_00089,w a H a f a f n aa h u m aa b i n a x l w a j a E a l n aa b a y n a h u m aa z a r H aa
00002_00090,w a y a m $ i f ii l < a s w aa k
00002_00090450,w a y a m $ ii f ii l < a s w aa k
00002_00091,u w a ll i w a j aa k a $ a T r a l m a dd ii d i l H a r aa m ii
00002_00091621,f a w a h i l i w a j u H a k a $ A t a l i m a s z i t i l H a r aa m
00002_00092,< a f a < aa m i n uu m a k r aa ll a h i f a l aa y a < m a n u m a k r aa ll a h i < i ll aa l q A w m u l x AA S I r uu n
00002_00092205,< a f a < a m i n uu m a k r aa ll a f a l aa y a < m a n u m a k r aa ll a h i < i ll aa l q A w m w a l x AA S I r uu n
00002_00092763,< a f a < aa m i n uu m a k r a ll a h i f a l aa y a < a m a n u m a k r a ll a h i < i ll aa l q A w m u l x AA S I r uu n
00002_00093,l aa < i k r aa h a f ii dd ii n i q A t a b a yy a n a rr u j i d u m i n a l g A y
00002_00093124,l aa < i k r aa E a f ii dd ii n i q A t a b a yy a n a H u j a t u m i n a l g A y
00002_00094,w a l i k u ll u j i h a t u h u w a m w a ll ii h aa f aa s t a b I q U l x A y r aa t
00002_0009460,w a l i k u ll i j a h a h u w a m u w a ll ii h aa f aa s t a b I q U l x A y r aa t ii
00002_0009478,w a l i k u ll ii u w a j a t u h u w a m uu w a ll ii h aa t f aa s t a b I q U l x A y r aa t ii
00002_00096,l i y a z ii ll a * ii n a < aa m a n uu w a E a m i l u SS AA l i H aa t ii
00002_00097,q A r r a H n aa z aa
00003_00001,< i nn a m aa y a x $ a ll a h u m a n E y i b aa h a d i h u l ll a l a m aa < aa <
00003_00005,y a x $ ii k u m u nn a E aa s a E aa m i n a m i n h u
00003_00006,w a l y aa s t a E a ll a * ii n a l aa E i z d aa n aa n i k aa H
00003_00007,< a l ll a h a ll a * ii x A l aa k a k a m u b a ^ i r
00003_00008,< a m t A q UU l uu n a < a nn a y a b r a h i m a a s m a E i l a E i z H AA q AA y AA q UU b I l A S b AA T A k aa n a h u d aa < u n A S AA r aa
00003_00009,w a k a * aa l i k a j a E a l n aa k a m < u mm a w A S A T AA <
00003_00011,< a < A SS r rr u m a d aa m a l aa m a r a E u l E a * aa b
00003_00014,s a l b a n ii < i s r a < y l a k a m < a t a y n aa h u m m i n < aa y a b a y n a
00003_00016,l A q A d k aa n a f ii y u < u ss u f u y a x AA t i h i < aa y aa t l i ss aa E i l ii h
00003_00018,w a H ii n a tt A D A E uu n a ^ i y aa b a k u m m i < a Z A h ii r a h
00003_00025,w a y a k uu n u tt ii n a l i ll a h ii
00003_00026,* aa l i k a < a nn a < a n l aa t a E uu l
00003_00028,A d l a l n aa h aa l a h u m f a m i n h aa r a k uu b u h
00003_00029,l i ll a * ii n a t a s t a r i E aa y uu n u k
00003_00031,l I * D AA E a m a s i j aa f a r uu f r <
00003_00032,l i y a s l I q UU n a k b i < a b S AA r i h a m
00003_00035,< i nn a ll a h a Z A m ii y a E a n l E aa l a m ii n
00003_00038,w a < * q AA l a b r a h ii m a r a DD u j E a l h aa * aa l b a r a d aa E a m i n
00003_00039,w a < u l aa < a k h u m a m u n f l i H ii n
00003_00040,* a l i k a l k i t aa b u l aa r a y D u f ii h
00003_00043,w a E d aa ll a h i l aa y u x r i f u ll a h a w a E d a h
00003_00044,f aa s a bb a h b i s m a r a bb i k a l E A Z II m
00003_00045,w A q UU d u h a nn aa s i w a l H i j aa r a
00003_00048,< i nn a ll a h a y a f E a l u m aa y u r ii d aa <
00003_00050,< a h d i n aa zz i r AA t m aa s t A q II n
00003_00051,q AA l a l aa t a x AA f a < a nn ii m aa k a m aa < a s m a E m aa r aa
00003_00052,< ii y a k n E a b d u w a < a yy aa k n i s t a E ii n
00003_00055,w a E a r A D E a n aa j aa h a l ii < aa
00003_00056,w a < a * j a E a n aa l b a y t a m a ^ aa b a l i nn aa s i r u E a n aa <
00003_00056314,w a < a * j a E n aa l b a y t a m a ^ aa b a l i nn aa s i r a < a m n aa
00003_00061,I r AA T A l I b I n aa l a E m t a l a y h i m w a y r l m u Z U b a l a y h i m a l a ZZ AA l ll ii n
00003_00065,w a m aa k aa n a E a T AA E u r a bb i k a m a H * UU r
00003_00069,l a w l aa < a n t a bb a t n aa k a l A q A d k i t a r a k a m aa E a l a y h aa m $ a y E aa q A l ii l aa
00003_00074,w a l aa j u n aa E a E a l a y k n
00003_00075,f AA S f E a n h u m A q U l s a l aa m
00003_00079,f a h a l m i n m u tt a kk r
00003_00080,w a w aa E a nn a m uu s aa ^ a l a ^ ii n a l a y l a
00003_00082,q AA l a m a E AA b a ll a h i nn a < a x
00003_00082121,q AA l a m a E AA * aa ll a h i E a < a x * t
00003_00083,f a s aa < a m a T A rr u l m u n D A r ii n i
00003_00085,m aa y uu H a < i l a y a < a ll aa m i n r a bb
00003_00086,r a b a x r a f aa w a < i n a k u ll a * aa l i k
00003_00088,y a H $ a n aa S u h aa * aa E a * aa b < a l ii m
00003_00089,w a H a f n aa h u m aa b i n a x l w a d i E a l n aa b a y n a h u m aa z r E aa <
00003_00090,w a y a m $ i f ii l < a s w aa k
00003_00090142,w a y a m $ ii f ii l < a s r k
00003_00092,f a < aa m i n u m a k r aa ll a h i f a l a y i < a m aa n a m a k r aa ll a h i < i ll aa l q A w m uu l x AA S I r uu n
00003_00094,w a l i k u ll i n j i h a h u m w a l i h a f aa s t a b I q U l x A y r aa t
00003_00095,f a E d a d n aa l i l k aa f i r a y n a E a * aa b aa m u h ii n
00003_00096,< i l i y aa z i y a ll a * ii n a < aa m a m uu w a E a m a l u SS A l i H aa t
00004_00000,w a tt A q U ll a h a ll a * ii t a s < a n uu n a b i h i w a l < a r H aa
00004_00001,< i nn a m aa y a x $ a ll a h u * aa d u h u m n a l E u l u m aa
00004_00001577,< i nn a m aa y a x $ aa ll a h a m i n E i b aa d u h u < a l E u l a m aa <
00004_00001755,< i nn a m aa y a x $ aa ll a h u m i m E i * aa d i h u l E u l a m aa
00004_00003,w a < i * aa < a t a l aa < i b r aa h ii m a r a bb a h
00004_00004,m aa n a m S A x m i n < aa y a t aa n
00004_00007,< a l ll a h u ll a * ii x A l a k a k u m m u n b AA f I
00004_00007206,< a l ll a h u ll a * ii x A l a k a k u m f l a m D A E f
00004_00007393,< a l ll a h u ll a * ii x A l a k a k u m m m i n Z A E f aa
00004_00008,< a m t A q UU l uu n a < i nn a < i * r a h ii m a w a < i s m a h ii l a w a < i z H aa q y aa q UU b a w a l < A S b aa T U k aa n uu y uu n aa < a n a Z AA r aa
00004_00010,w a l w u b A s A T A ll a h u rr i z q A l i E b aa d i h
00004_00011,w a < A rr u < a n a d aa m a t aa l i m aa r a < u l E a * aa b
00004_00012,h a l < a * i ll a k E a l aa j a j a r a t i l x U t
00004_00013,w a < i nn a m i n h u m l a f a r ii q AA y a l w uu n a < a l s I n a t u h u m b i l k i t aa b
00004_00014,s a l b a n i y a < i s r aa < ii l a k a m t a y n aa h u m m i n < aa y a b a y n
00004_00014591,s a l b a n ii < i s r aa < ii l a k a m t a y n aa h u m m i n < aa y a n b a yy n a
00004_00015,y a s < a l a k a < a h l a l k a t uu < a n t u n z a l E a l a y h u m k i t aa b m i n a ss a m aa n
00004_00015280,y a s < a l k a < a h l a l k a t uu b i < a n t a n z i l a E a l a y h u m k i t aa b aa m i n a ss a m a <
00004_00015894,y a s < a l a k a < a h l a l k a t uu b i < a n t u n z i ll a E a l a y h u m k i t aa b aa m i n a ss a m aa <
00004_00016,l A q A d k aa n aa f a y uu i f a w a < x w a t i h i < aa y aa l i ss aa < i l ii n
00004_00017,w a < a s a ll a E a l a y h u m n a * aa < i * r aa h ii m
00004_00017246,w a < a s i ll a E a l a y h u m n a b aa < I d r aa h ii m
00004_00018,w a H ii n aa TT A b a E uu n a ^ i y aa Z a k u m m i n T r a h ii r a
00004_00019,< a f T A T m a E uu n a < a n y a < m a n uu l a k u m
00004_00022,l A q A d k a f a r a ll a * ii n a q AA l u < i nn a ll a h a l aa ^ a l aa ^ a
00004_00022755,l A q A d k a f a r a ll a * ii n a q AA l uu < i nn a ll a h a l aa s a l aa ^ a
00004_00023,q AA l a k a m l i b t u m f ii l < a r D I E a d a d a s i n ii ii n
00004_00023359,q AA l a k a m l a b i t u m f ii l < a r D I E a d a d a ^ a n ii n
00004_00025,w a y a k uu n a dd ii n a l i ll aa h
00004_00025839,w a y a k uu n a tt ii n a l i ll aa
00004_00026,* aa l i k a < a nn aa < a ll aa t a E uu l
00004_00027,f a h y a < i l aa l < A * q AA n i f a h u m m A q m a H uu n
00004_00029,l i ll a * ii n a t a s d a r i < a E y u n a k u m
00004_00031,b i b I r AA E a m a s j aa f a < uu f
00004_00033,< a ll a * ii y a s j aa l a k u m aa l f a l a k
00004_00034,< ii y aa k a n a E b a d
00004_00035,< i nn a ll a h a g A n ii E a n i l E aa l a m i n
00004_00036,w a < i nn a ll AA f a E a l aa k u ll i $ a y < q A d ii r
00004_00038,w a < i * q AA l a < i b r aa h ii m a r a bb u j E a l h aa * aa l b a l a d a < aa m i n aa
00004_00041,w a m aa m u H a mm a d < i ll aa r a s uu l
00004_00042,w a k a * aa l i k a j a E a n aa k u m < u mm a w AA S T
00004_00043,w a E a * aa ll aa h i l aa y u x l i f uu < a ll aa h a w a E d a h
00004_0004389,w a E d a ll a h a l aa y a x l a f a ll a h a w a E d a
00004_00045,w A q UU d a h u nn aa s i w a l H i j aa r a
00004_00045467,q UU d a h u nn aa s i w a l H i j aa r a
00004_00046,l i k a y l aa y a k uu n u d a w l a b a y n a l < a g n i y aa < i m i n k u n
00004_00047,< i nn a SS A f aa w a l m a r w a t i m i n $ a E aa < i r u ll a h
00004_00048,< i nn a ll a h u y a f a E a l m aa y r ii d
00004_00048312,< i nn a ll a h a y a f E a l m aa w i r ii d
00004_00049,< a ll a z ii n a y u < mm i n uu n a b i l g A y b
00004_00050,< i h t i n aa < A zz r T A l m u s t A q II m
00004_00052,< ii y a k a n a E b i d u w a < a y a k a n a s t a E u y ii n
00004_00053,w S II q A ll a * ii n a tt A q UU r a bb u h u m < i l aa l j a n a t i z u m uu r aa
00004_00055,w a < a E r I D E aa n a j aa h a l a
00004_0005565,w a < a E r I D E a n a j aa h i l ii n
00004_00056,w a < i * j a E n a l b a y t a m a ^ a b a t a l i nn aa s i r u < a m n a
00004_00057,l a < a k a l uu m i n f a w A w a m i n t a H t a < a r j i l a h u m
00004_00058,q AA l a r a b f a n aa < i nn aa l a x AA f a < a y a f r A T A E a l a y n aa
00004_00059,w a l a n t a S t A T II h u < a n t a E d i l u b aa y n a nn a s aa < a w a l a H a r S q AA n
00004_00059136,w a l a n t a s t A T II E u < a n t a E d i l u b a y n aa nn i s aa < i w a l a w u H a r i s t u m
00004_00059599,w a l a l t a s t A T II E u < a n t a E j i l u b a y n aa m i s aa < i w a l a w H a r T A
00004_00059888,w a l a t A S t A T II E u < a n t a E d i l u b a y n aa nn i s aa < i w a l a w H a r a s t u m
00004_00060,w a m i n < A S t A q m i n ll a h i H a d ii ^ aa
00004_00061,S I r aa t A ll a * ii n a E a m t a E a l a y h u m g A y ll a g A D UU h u E a l a y h u m w a * aa TT AA l ii n
00004_00064,w a < i s m g A y r aa m u s m a E
00004_00065,w a m aa k aa n a E A b aa < a r a bb i k a m a H * uu r aa
00004_0006547,w a m aa k aa n a E A T AA < a r a bb i k a m a H d uu r aa
00004_00065770,w a m aa k aa n a E A T AA < a r a bb i k a m a H * uu r aa
00004_00066,w a < u x r aa l i m A T q A D h u u E a l a y h a q A d < a H aa T A b i h aa
00004_00066275,w a < u x r aa r i m A * r u E a l a y h aa d < a H AA T A ll a h u b i h aa
00004_00066620,w a < u x r a l i m aa * d r u E a l a y h aa q A d < a H AA D aa ll a h u b i h aa
00004_00068,w A T A D H a k uu n a w a l aa t a b k uu n
00004_00068783,w A T A D H a k uu n a w a l aa t a b k uu n
00004_00069,l a w l a < i nn aa ^ a b a k n aa k a l A q A d k a d t r a k n aa < i l a y h u m $ a y < aa q A l uu l aa
00004_00071,m i $ a rr i n a ff a f aa t i f ii l E U q A k
00004_00072,w AA q t u l uu r m H a < ^ A qq A f t m uu m
00004_00074,w a l aa j u n aa E a E a l a y k u m
00004_00075,f a < A S ff a E a n h u m w A q U l s a l aa m
00004_00075859,f a < A S U ff u E a n h u m u w q U l s a l aa m
00004_00076,w a < a h d ii k a < i l aa r a bb a k a f a t a g $ aa
00004_00077,m i n l < a n b aa < i m aa f ii h i m u s tt a j r
00004_00079,f a h a m i n m u tt a kk a r
00004_00079596,f a h a l m i n m u tt a kk a r
00004_00081,f A b AA q A w a b aa l a < a m r u h aa
00004_00081585,f A D AA q A t w a b aa l a < a m r u h aa
00004_00082,q AA l a m a E AA Z A ll a h a < a nn a < f
00004_00083,f a s aa < a r A T A l m u n Z A r ii n
00004_00084,w a < a nn ii E a d t u b i r a bb i w a r a bb i k u m
00004_00085,m a n y uu H a < i l a yy a m i r a Z b i h
00004_00086,w A x r a f aa w a < i k u ll i * aa l i k
00004_00089,w a H i f n aa h u m aa b i n a x l w a j a E a nn aa b a y n a h u m z a r a E aa
00004_00091,f a w a ll i w a j h a k a $ A T r aa l m a z i d a l H a r aa m
00004_00092,f a < aa m a n uu m a k r a ll a h i f a l a y m i n m a k r a ll a h i < i ll aa l q A w m a l x AA S U r uu n
00004_00093,l aa < i k r aa h a f a dd ii n i q A t a b a yy a n a rr a j d a m i n a l g A
00004_00094,k u ll i j a h a h u w aa m u w a ll i h aa f aa s tt a b I q U l x A y r aa t
00004_00095,w a E d a d n aa l i l k aa f i r ii n a E a * aa b aa m u h ii n aa
00004_00096,r ii z i ll a * ii n a < aa m a n uu w aa E m i l uu SS AA l i H aa t
00004_00097,< a rr a H m a n
00005_00001,< i nn a m aa y a x $ aa ll a h u m i n E i b aa d i h i l E u l a m aa
00005_00002,< a nn a ll a h a b a r ii < m i n a l m u $ r i k ii n a w a r a s uu l i h
00005_00003,w a < i * b i t a l aa E i b i r aa h ii m u r a bb a
00005_00004,m aa n a n z a x U m i n < aa y a
00005_00005,y a x $ ii k u h u m u nn u E aa s a < a m a l a m i n h
00005_00006,w aa l y a s t a E f aa ll a * ii n a l aa y a j i d uu n a l i k aa H aa
00005_00007,< a l ll aa h u ll a * ii x A l a k a k u m i n Z AA E a f
00005_00008,< a m t A q UU y uu n a < i nn a < i b r aa h i m a w aa < i s m aa E ii l a w a < i s H AA q A w a y a E q UU b A w aa l < A S b AA T A k aa n uu h uu d aa < a w n A S AA r aa
00005_00008621,< a m t A q UU l uu n a < i nn a < i b r aa h ii m a w a < i s m aa E ii l a w a < i zz a H AA q A w a y a E q UU b a w aa l < A S b AA T A k aa n uu h u d aa < a w n a S AA r aa
00005_00010,w a l a w b A S A T A ll aa h u rr I z q A l i g I b aa d i h i
00005_00011,w a < A S rr n a d aa m a t a l a mm aa r a < u l E a * aa b i
00005_00011236,w a < A S A rr nn a d aa m a t a n a mm aa r a E u l E a * aa b
00005_00012,h a l < a d u l u k a E a l aa j a j a r a t i l x U l t
00005_00014,s a l b a n ii s r aa < ii l a k a m < aa t a y n aa h u m i n < aa y a t m b a y ii n a
00005_00015,y a s < a l u k a < a h l u l k u t u b i < a n t u n aa zz i l a E a l a y h i m k i t aa b a m i n a ss a m aa
00005_00016,l A q A d k aa n a f ii y u s u f u w a < i x w a t u h u E a < aa y aa l i ss aa < i l ii n
00005_00017,w aa s < a l E a l a y h i m n a b a < a < i b r aa h ii m
00005_00018,w a H ii n a t A D E uu n a t i y aa b a k u m i n a ZZ A h ii r a
00005_00019,< a f a t a T m a E uu n a < a n y u < m i n uu l a k u m
00005_00020,b i E a h aa r aa d i f a
00005_00021,f a < i * aa h u m i n a l < a j d aa ^ i < i l aa r a bb i h i m y a n s i l uu n
00005_00021297,f a < i * aa h u m m i n a l < a j d aa t i < i l aa r a bb i h i m y a n s i l uu n
00005_00023,q AA l a k a m l a b i ^ t u m f ii l < a r D I E a d a d a s i n ii n
00005_00024,^ u mm a $ t a b aa h u r a bb u h u f a t aa b a E a l a y h
00005_00025,w a y a k u n u l t ii n u l i ll a
00005_00027,f a h u m < i l aa l < a * q AA n i f a h u m m U q m a H uu n
00005_00028,A l a n aa h aa l a h u m f a m i n h aa r u k uu b u h u m
00005_00029,l i ll a * ii n a t a s d a r ii < a E y u n u k
00005_00029109,l i ll a * ii n a t a s d a r ii < a E y u n u k u m
00005_00030,* aa l i k u m < a s k h aa l a k u m w a < A T h a r
00005_00031,b i b I D AA E a m u s j aa t f a < a w f h
00005_00031553,b i b I D AA E a t m u s t aa t f a < a w f uu
00005_00033,< a ll a * ii y a s t ii l a k u m u l f u l k
00005_00033263,< a ll a * ii y a s y a s j ii l a k u m l f u l k
00005_00034,< ii y aa k a n aa E a b u d
00005_00034315,< i y aa k a n a E b u d
00005_00034998,< ii y a k a n a E a b u d
00005_00035,< i nn a ll aa h a Z A n ii y u E a n i l E aa l a m ii n
00005_00035304,< i nn a ll a h a g A n ii y E a n i l E aa n a m ii n
00005_00035757,< i nn a ll a h a g A n ii y E a n i l E aa n a m ii n
00005_00036,w a < i nn a ll a h a E a l aa k u ll i $ a y < q A d ii r
00005_00036661,w a < i nn a ll a h a E a l aa k u ll i $ a y < q A d ii r
00005_00037,< a l H a m d u l i ll a h i r a bb i l E aa l a m ii n
00005_00038,w a < i b q AA l a < i b r aa h ii m u r a bb u j a E a l h aa * aa l b a l a d a < aa m i n aa
00005_00038242,w a < i * q AA l a < i b r aa h ii m u r a bb u j a E a l h aa * aa l b a l a d aa < aa m i n aa
00005_00039,w a < u l aa < i k a h u m u l m u f l i H ii n
00005_00041,w a m aa m u H a mm a d < i ll aa r a s uu j
00005_00041617,w a m aa m u H a mm a d < i ll aa r a s uu l
00005_00042,w a k a * aa l i k a j a E a n aa k u m < u mm a w A S A T
00005_00042472,w a k a * aa l i k a j a E a l n aa k u m < u mm a w A S A T
00005_00044,f a s a bb i H b i s m i r a bb i k a l E A D II m
00005_00045,w U q UU d u h aa nn aa s u w a l H i j aa r a
00005_00046,l i k a y l aa y a k uu n a d uu r a t a m b a y n a l < a g n i y aa < i m i n k uu
00005_00046634,l i k a y l aa y a k uu n a d uu l a b a b a y n a l < a g n i y aa < i m i n k u m
00005_00049,< a ll a z ii n a y u < m i n uu n a b i l g A y b
00005_00051,q AA l a l aa t a x AA f aa < i nn a n ii m a E a k u m < a s m a E u w a < a r aa
00005_00051391,q AA l a l aa t a x AA f a < i nn a n ii m a E a k u m aa < a s m a E u w a < a r aa
00005_00052,< i y aa k a n a E b u d w a < i y aa k a n aa s t a E ii n
00005_00052915,< ii y aa k aa n a E a b u d u w a < ii y aa k a n aa s t a E ii n
00005_00055,w aa E r I D E a n j aa h i l ii n
00005_00056,w a < i * j a E a nn a l b a y t a m a ^ aa b a l i nn aa s i w a < a m n aa
00005_00056129,w a < i * j a E a nn a l b a y t a m a ^ aa b a l i nn aa s i w a < a m n aa
00005_00057,l a < a k a l uu m i n f a w q I h i w a m i n t a H t i < a r j u l i h i m
00005_00059,w a l a n t a s t A T II E uu < a n t a E l i l uu b a y n aa nn i s aa < i w a l a w H a r a s t u m
00005_0005952,w a l a n t a s t A T II E u < a n t a E d i l u b a y n aa nn i s aa < i w a l aa w H a r a s t u m
00005_00059807,w a l a n t a s t A T II E uu < a n t a E d i l u b a y n aa nn i s aa < i w a l a w H a r a s t u m
00005_00061,S I r AA T A ll a * ii n a < a n E a m t a E a l a y h i m g A y r i l m a g D UU b i E a l a y h i w a l aa ZZ AA ll ii n
00005_00062,f a m a n i Z T U rr a g A y r a b AA g w a l aa E aa d f a l aa < i ^ m a E a l a y h
00005_00063,w A q AA t i l uu f ii s a b ii l i ll a h i ll a * ii n a y U q AA t i l uu k u m w a l aa t a H t a d uu
00005_00064,w aa s m a E g A y r a m u s m aa E
00005_00067,< i nn a m aa n a H n u f a s a n a t n f a l aa t a k ff u r
00005_00069,l a w l aa < a n ^ a bb a t n aa k a l A q A d k u tt a t a r k u n u < i l a y h i m $ a y < n q A l ii l aa
00005_00069934,l a w l aa < a n ^ a bb a t n aa k a l A q A d t u r k h u n aa < i l a y h i m $ a y < aa q A l ii l aa
00005_00069963,l a w l aa < a ^ a bb a t n aa k a l A q A d k a t a t a r k u < i l a y h i m $ a y < aa q A l ii l aa
00005_00070,w a j a d h aa t A T l u E u E a l aa q A w m l a m n a j E a l
00005_00070950,w a j a d h aa t A T l u E u E a l aa q A w m l a m n a j E a l
00005_00074,w a l aa j u n aa H a E a l a y k u m
00005_00074459,w a l aa j u n aa E a E a l a y k u m
00005_00075,f AA S f i E a n h u m w A q U l s a n aa m
00005_00077,m i n l < a n b aa < i m aa f ii h aa m u s t a j a r
00005_00077717,m i n a l < a n b aa < i m aa f ii h i m u s t a j a r
00005_00080,w a w aa E a nn aa m uu s aa ^ a l aa ^ ii n a l a y l aa
00005_00082,q AA l a m a E aa * aa ll a h i < a n t a < a x U *
00005_00083,f a s aa < a m A T A r u l m u n Z A r ii n
00005_00083508,f a s aa < a m A T A r u l m u m Z A r ii n
00005_00085,m aa y uu H aa < i l a y h i m i n rr a rr a bb i h
00005_00087,E i n d a h aa r a s A q q AA l
00005_00089,w a H a f n aa h u m aa b i n a x l w a j E a n aa b a y n a h u m aa z a E aa
00005_0008921,w a H a f a nn aa h aa b i n a x l w a j a E a l n aa b a y n a h u m aa z a r E aa
00005_00089568,w a H a f n aa h u m aa b i n a x l h u w a j a E a n aa b a y n a h u m aa z a r a E aa
00005_00091,w a l w a j h a k a $ A T r a l m a s r i d i l H a r aa m
00005_00091462,f a w a l w a j h a k a $ A T r aa l m a s r i d i l H a r aa m
00005_00093,l aa < i k r aa h a f ii dd ii n i q A t a b a y y a n a rr a j u d u m i n a l g A y
00005_00094,w a l i k u ll j i h a h u w a m u w a ll ii h aa f aa s t a b I q U l x A y r aa t
00005_00095,w a < a E d a d n aa l i l k aa f i r ii n a E a * aa b aa mm u h i n aa
00005_00096,l i y a r aa ll a * ii n a < aa m a n uu w a E a m i l uu SS AA l i H aa t
00005_00097,< a rr a rr a H m a n
00005_00097385,< a rr rr a H m a
00006_00000,w a tt A q UU ll a h a ll a * ii t a s aa < a l uu n a b i h i w a l < a r H aa m
00006_00001,< i nn a m aa y a x $ a ll a h a m i n E i b aa d i h u l E u l a m aa
00006_00002,< i nn a ll a h a b a r ii < u mm i n a l m u $ r i k ii n a w a r a s uu l u h
00006_00003,w a < i * b t a l aa < i b r aa h ii m u r a bb h
00006_00005,y u H $ ii k u m u n u E aa s a < a m a n a m i n h
00006_00005364,y u x $ i k u m u u E aa s a < a m a n a m i n h
00006_00008,< a m t A q UU l uu n a < i nn a < i b r aa h ii m a w a < i s m aa h ii l a w a < i z H AA q A w a r a E q UU w a w a l < A S b AA T A k aa n uu h uu d aa < a w n a h AA r aa
00006_00008135,< a m t A q UU l uu n a < i nn a < i b r aa h ii m aa w ii y s m a E l ii l a w a < i z H AA q A w aa y E A q UU w a w a l < a s f aa * a k aa n uu h u d aa < a n a S AA r
00006_00010,w a l a w b A S A T A ll a h u r i s q A l i E i b aa d i h
00006_00011,w a < A S A rr nn a d aa m a t a l a m aa r a < uu w l aa * aa b
00006_00011781,w a < A rr nn a d aa m a t a l a mm aa r a < a w l aa * aa d
00006_00012,h a l < a d u ll a k a E a l aa j a j r a t i l x U l d
00006_0001217,h a l < a d u ll u k a E a l aa j a j a r a t i l x U l d
00006_00012798,h a l < a d u l l u k a E a l aa j a j r a t i l x U l
00006_00015,y a s < a l u k a < a h l u l k i t uu b i < a n t u m a ss ii l E a l a y h i m k i t aa b m i n ss a m aa
00006_00017,w aa s l u E a l a y h i m n a b a < a y i b r aa h ii m
00006_00018,w a H ii n a T A Z A E uu n a ^ i y aa b a k u m m i n a ZZ A h ii r a
00006_00019,< a f T A T m a E uu n a E a n y u < u m i n u h u l a k u m
00006_00020,t a b a E u h aa rr aa a d i f a h
00006_00021,f a < i * aa h u m m i n a l < a j d aa * i < i l aa r a bb i h i m y a n s i l uu n
00006_00022,l A q A d k a f a r a ll a * ii n a q AA l uu < i nn a ll a h a ^ aa l i ^ a l aa ^ a m
00006_00022752,l A q A d k a f a r a ll a * ii n a q AA l u < i nn a ll a h a * aa l i ^ a l aa ^ a t i n
00006_00023,q AA l a k a m l a b i t u m f ii l < a r D I E a d a d a s i n ii n
00006_00023359,q AA l a k a m l a b i t u m f ii l < a r D I E a d a d a s i n ii n
00006_00023640,q AA l a k a m l a b i t u m f ii l < a r D I E a d a d a s ii n ii n
00006_00026,* aa l i k a < a nn aa < a n l aa t a E uu l
00006_00026515,* a l i k a < a nn aa < a ll aa t a E uu l
00006_00027,f a h i y a < i l aa l < A D q AA n i f a h u m w U q m a H uu n
00006_00028,w A Z A ll a l n aa h a l a h u m f a m i n h aa r a k uu h m
00006_00028636,y A Z A ll a l n aa h aa l a h u m f a m i n h aa r a k uu l u q u h u m
00006_00029,l i ll a * ii n a t a s d aa r i < a y u n u k l
00006_00030,* aa l i k u m < a s k aa l a k u m w AA < A Z h a r
00006_00031,b i b i D AA E a t m u s j aa f a < w f
00006_00032,l i y u s l I q UU n a k a b i < a b S AA r i h i m
00006_00032419,l a y u s l I q UU n a k b i < A b S AA r i h i m
00006_00033,< a ll a * ii y u s j i l a k u m u l f u l k
00006_00034,< ii y aa k n aa E a bb u d
00006_00035,< i nn a ll a h a g A n ii y aa E a n i l E aa l a m ii n
00006_00036,w a < i nn a ll a h a E a l aa k u ll i $ a y < q A d ii r uu
00006_00037,< a l H a m d u l i ll a h i r a bb a l E aa l a m ii n
00006_00038,w a < i * q AA l a < i b r aa h ii m u r a bb u < i j aa l h aa * aa l b a l a d aa E aa m i n aa
00006_00038240,w a y a * q AA l a y i b r a h ii m u r a bb u j a E a l h aa * aa l b a l a d a E aa m i n aa
00006_00040,* aa l i k a l k i t aa b u l aa r a y b u f ii h
00006_00041,w a m aa m u H a mm a < i ll aa r a s uu l
00006_00043,w a E d a < a ll a h i l aa y u x l i f u ll a h a w a E d a h
00006_00044,f a s a bb i H b i s m i r a bb i k a l E A Z A m ii n
00006_00045,< U q UU d u h aa nn aa s i w a l H i j aa r aa
00006_00046,l i k a y l aa y a E uu n a d uu l a t t uu b a y n a l < a g n i y aa < i m ii n k u m
00006_0004617,l i k a y l a y aa k uu n a d uu l a t uu b a y n a l < a g n i y aa < m i n k u m
00006_00046535,l i k a y l aa y a k u f uu n a d uu l a t u b a y n a l < a g n i E aa < i m k u m
00006_00047,< i nn a SS A f aa w a l m a r rr a t u m i n $ a E aa < u r u ll a h
00006_00047397,< i nn a SS A f a w a l m a r r a t a m i n $ a E aa < i r u ll aa
00006_00047605,< i nn a SS A f a w a l m a r w a t a m i n $ a E aa < i r u ll a
00006_00049,< a ll a z ii n a y u < m i n uu n a b i l g A y y
00006_00052,< ii y a k a n a E u b u d u w a < i y aa k aa n i s t a E ii n
00006_00053,w a s ii q A ll a * ii n a tt A q A r a bb a h u m < i l aa l j a nn a t i j u m uu E
00006_00054,y a w m a n A T w ss a m aa E a q A T A ss i j i ll i l i f k u t uu
00006_00056,w a < i ^ j aa n nn aa l b a y t a m a ^ aa r a l i m i n aa s i w a < a m n aa
00006_00056450,w a < i * j aa E a n a r i b a y t a m a ^ aa b a t a b l i m nn aa s i m a E a m n aa
00006_00057,l a < a k a l uu m i n f a w I h i w a m i n t a H t i < a r j u l i h i m
00006_00057507,l a < a k a l w m i n f a w I h i w a m i n t a H t i < a r j u l i h i m
00006_0005793,l aa < a k a l w m i n f a w I r w a m i n t a H t i r u j u l i h i m
00006_00058,q AA l a r a b n aa < i nn a x AA f f uu < a n y a f r u T A E a l a y n aa
00006_00059,w a l a n t a s t A T I h u u < a n t a E d ii l uu b a y n a nn i s < i w a l a w H a r a s t u m
00006_00060,w a m a n < a z d A q U m i n a ll a h i H a d ii f aa
00006_00061,S I r AA T A l ll a * ii n h a n a E a m i t a E l a h m a * a l u m t uu b I E a m a y h i w a l aa f AA E a ll n
00006_00062,f a m a n TT U rr a g A y r a w AA g w a l aa E aa d i m f a l aa < i ^ m a E a l a y h
00006_00062460,f a m a n t u rr a g A y r a b AA g w a l aa E aa t f a l aa < i ^ m a E a l a h
00006_00064,w a s m a g A y r a m u s m a E
00006_00067,< i nn a m aa n a H n u f ii s n a f a l aa t a k f a r
00006_00067847,< i nn a m aa n a H n u f i s m a f a l aa t a k f u r
00006_00068,w a T A D H a k uu n a w a l aa t a kk k uu n
00006_00070,w a j a d a h aa T A T l a E u w a E a l AA q UU m i n l a m n a j E a l
00006_00072,w A q t u l uu h u m H a y ^ a q I f t uu h m
00006_00072478,w A q t u l uu h u m H a y ^ a q I f t uu m uu h u m
00006_00073,f a w a ll ii w aa $ h a k a $ A T r a l m a s j i d i l H a r aa m
00006_00073674,f a w a l ii w a $ h a k a $ A T r aa l m a s j ii d i l H a r aa m
00006_00074,w a l aa j u n aa E a E a l a y k u m
00006_00075,f S f a E n h u m w A q U l s a l aa m
00006_00075856,f AA S f a E a n h u m w A q U l s a l aa m
00006_00078,w a l aa < A q UU * u l i ll a * ii n a t a s t aa r ii < a E a y uu n u k u m
00006_00080,w a E a n aa m uu s aa ^ a l aa ^ ii n a l a y n aa
00006_00081,f A D AA q A t w a b aa l a < a n r i h aa
00006_00084,w a < i nn ii E u t u b i r a bb i w a r a bb i k u m
00006_00084471,w a < i m i E a t Z I r A T i w a r a bb i k u m
00006_00085,m aa y u H aa < i l a y a m i n r a a r a bb
00006_00086,w A Z x r u f aa w a < i n k u ll u * aa l i k
00006_00086856,w A Z x r u f a w a < i n k u ll u * aa l i k
00006_00086982,w A Z x r u f aa w a < i n k u ll u * a l i k
00006_00087,E i n d a h aa r i s q AA q AA n
00006_00090,w a y a m $ ii f ii l < a s w aa k
00006_00093,l aa < i k r aa h a f ii dd ii n i q A tt a b a y a n a rr u j t u m i n a l g A y
00006_00093212,l aa < i k r aa h a f ii dd ii n i q A tt a b a y y a n a rr u j d u m i n a l g A y
00006_00093392,l aa < i k r aa h a f ii dd ii n i q A tt a b a y y a n a f u j d u m i n a l g A y
00006_00093853,l aa < i k r aa H a f ii t ii n i q A tt a b a yy a n a f r u j t u m i n a ll a g A y a
00006_00096,l i y a z ii y a ll a * ii n a < aa m a n uu E a m i l uu SS AA l i H aa t
00006_00096658,l i y a zz ii y a ll a * ii n a E a m a n uu w a E m i l u SS AA l i H aa t
00007_00002,< a nn a ll a h a b a r ii < u m i n a l m u $ r i k ii n a w a r a s uu l i h
00007_00005,y u x $ ii k u m u n u E aa s a < a m n a t aa m i n h
00007_00007,< a l ll a h u ll a * ii x A l a k a k u m m i n Z A E f
00007_00008,< a m t A q U l uu n a < i nn a < i b r aa h ii m a w a i s m aa E ii l a w a < i z H AA q A w a y AA E q UU b a w a l < A S b AA T A k aa n u w u h u d aa < a w n a h aa r a h aa
00007_00009,w a k a * aa l i k a j a E nn aa k u m < u m m a w a ^ A T AA
00007_00010,q u w a l E u b A S A T A ll a h u rr i z q A l i E i b aa d i h
00007_00011,w a < A S rr nn a d aa m a t a l a mm aa r a < u l E a * aa b
00007_00012,h a l < a d u l a k a E a l aa E u < i j a j a r a t i l x U l d
00007_00013,w a < i nn a m i n h u m l a f a r ii y q AA y a l w uu n a < a l s i n a t u h u m b i l k i t aa b
00007_00013171,w a < i nn a m i n h u m l a f a r ii q AA y a l m uu n a < a l s i n a t u h u m b i l k i t aa b
00007_00013691,w a < i nn a m i n h u m l a f a r ii q AA y a l uu uu n a < a n s i n a t u h u m b i l k i t aa b
00007_00014,s i l b a n ii < i s r aa < ii l a k a m t a y n aa h u m m i n < aa y a b a yy a n a
00007_00016,l A q A d k aa n a f ii y uu ^ u f a w a < a w a t i h i < aa y aa t l i ss a h < i l ii n
00007_00017,w aa s l u E a l a y h i m n a b aa < i b r aa h ii m
00007_00018,w a H ii n a T A D A E uu n a ^ y aa b a k u m m i n a ZZ A h i r a
00007_00021,f a < i * aa h u m m i n l < a j d aa * i < i l aa r a bb i h i m y a n s i l uu n
00007_00021417,f a < i * aa h u m m i n a l < a j d aa h * i < i l aa r a bb i h i m n s i l uu n
00007_00022,l A q A d k a f a r a ll a * ii n a q AA l uu < i nn a ll a h a ^ aa l ii ^ a l aa ^ aa
00007_00027,f a h i y a < i l aa l < A * q AA n i f a h u m m U q m a H uu
00007_00028,w A Z a ll aa l n aa h aa l a h u m f a m i n h aa r u k uu b i h i m
00007_00028175,w A Z A ll a n aa h aa l a h u m f a m i n h aa r u k uu b u m u n
00007_00029,l i ll a * ii n a t a s d a r ii < a E y u n u k uu m
00007_00030,* aa l i k u m < a s k aa l a k u m w a < A T h a r
00007_00030656,* a l i k u m < a s k aa l a k u m w a < A T h a r
00007_00031,b i b I D AA H a m U S j aa t f a < a w f
00007_00032,l i y a s l I q UU n a k b i < a b S AA r i h i m
00007_00033,< a l ll a * ii y u s t ii l a k u m u l f u l k
00007_00033433,< a l a d ii y u s j ii l a k u m a l f u l k
00007_00035,< i nn a ll a h a g A n ii y a E a n aa l E aa l a m ii n
00007_00038,w a < i * q AA l a b r aa E a h ii m u r a bb u < u j E a l h aa * aa l b a l a d a < aa E m i n aa
00007_00038806,w a < i * q AA l a < i b r aa h ii m u r a bb u $ a h a l h aa * aa l b a r a d a < aa m i n aa
00007_00039,w a < u l aa < i k a h u m u l m u f l i H ii n
00007_00039791,w a < u l aa < i k a h u m u l m u f l i H ii n
00007_00040,* aa l i k a l k i t aa b u l aa r a y b u f ii h
00007_00040814,* aa l i k a l k i t aa b u l aa r a y b u f ii h
00007_00041,w a m aa m u H a mm a d < i ll aa r a s uu l
00007_00041406,w a m aa m u H a mm a d < i ll aa r a s uu l
00007_00042,w a k a * aa l i k a j a E a n aa k u m < u mm a w A S A T
00007_00042693,w a k a * a l i k a j a E a n aa k u m < u mm a w A S A T
00007_00043,w a E d a ll a h i l aa y u x l i f u ll a h a w a E D
00007_00043373,w a E d a ll a h i l aa y u x l a f u < aa ll a h a w a E d a h
00007_00044,f a s a bb a H b i s m a r a bb i k l E A Z II m uu
00007_00044246,f a s a bb a H b i s m i r a bb i k l E A D II m a
00007_00044529,f a s a bb i H b i s m i r a bb i k a l E A Z II m uu
00007_00044946,f a s a bb i H b i s i m ii r a bb i k a l E A Z II m
00007_00045,< U q UU d u h a nn aa s i w a l H i j aa r a
00007_0004533,w A q UU d u h aa nn aa s i w a l H i j aa r a
00007_00045589,< A q UU d u h aa nn aa s i w a l H i j aa r a
00007_00047,< i nn a SS A f aa w a l m a r w a t a m i n $ a E aa < i r u ll a h i
00007_00049,< a ll a z ii n a y u < m i n uu n a b i l g A y b ii
00007_00050,< i h d ii n a zz i r AA T A l m u s t A q II m
00007_00051,q AA l aa l aa t a x AA f aa < i nn a n ii m E k u m aa < a s m a E u w a < a r r aa
00007_00052,< ii y a k a n a E b u d uu < a y aa k n ss a h ii m
00007_00052243,< a y aa k a n a E b u d u w a < i yy aa k a n i s t a E ii y aa
00007_00054,y a w m a n A T w i ss a m aa q A T A yy i ss i j i ll i l k u t uu b
00007_00056,w a < i * j a E a n aa l b a y t a m a ^ aa b a l i l nn aa s i w a < a m n aa
00007_00057,l a < a E k i l uu m i n f a w q I h i w a m i n t a H t i < a r j u l i h i m
00007_00060,w a m a n < a z d A q U m i n a ll a h i H a d ii ^ aa
00007_00061,S I r AA T A ll a * ii n a < a n E a m t a E a l a y h i m g A y r i l m a g * uu b i E a l a y h i m w a l a TT AA ll ii n
00007_00062,^ a m i n a DD U rr a g A y r a b AA g w a l aa E aa d f a l aa < i ^ m a E a l a y h
00007_00063,w A q AA t i l uu f ii s a b ii l i ll a h i l a * ii n a y U q AA t i l uu n a k u m w a l aa t a H t a d uu
00007_00066,w a < u x r aa l a m T A q d a r uu E a l a y h aa q A d < a H aa T A ll a h u b i h aa
00007_000669,w a < u x r aa l a m TT A q d a r uu E a l a y h aa q A d < a H AA T A ll a h u b i h aa
00007_00067,< i nn a m aa n a H n u f ii s n a f a l aa t A k f u r
00007_00069,l a w l aa < a n * a bb a t n aa k a l A q A d k a dd a < t a r k u n a < i l a y h i m $ a y < aa q A l ii l aa
00007_00069899,l a w l aa < a n ^ a bb a t n aa k a l A q A D k i dd a t a r k u n a w i l a y h i m $ a y < aa q A l ii l aa
00007_00071,w a m i n $ a rr nn a ff aa f aa t i f ii l E U q A d
00007_00072,w A q t u l uu h u m H a y h u ^ A q A f t u m uu h u m
00007_00073,f a w a ll i w a $ h a k a $ A T r a l m a s j i d i l H a r aa m
00007_00073682,f a w a ll i w i $ h a k a $ A T r aa l m a s j i d i l H a r aa m
00007_00074,w a l aa j u n aa E a E l a y k uu
00007_00075,f AA S f a E a n h u m A q U l s a l aa m
00007_00075455,f A S f a E a n h u m A q U l s a l a m
00007_00075933,f AA S f a E a n h u m w A q U l s a l aa m
00007_00077,m i n a l < a n b aa < i m aa f ii h i m u s t a j r
00007_00079,f a h a l m i n m u tt a k r
00007_00079926,f a h a l m i n m u tt a k r
00007_00080,w a w aa E a nn aa m uu s aa ^ a r a ^ ii n a l a y l aa
00007_00080234,w a w a E a nn aa m uu s aa ^ a l a ^ ii n a l a y l aa
00007_00081,f A D AA q A t U w a b aa l a < a m r i h aa
00007_00082,q AA l a m a E aa * A ll a h i < a n nn a < x U *
00007_00082451,q AA l a m a E aa b a ll a h i < a nn a < x A d
00007_00085,m aa y u H aa < i l a yy a m i r a bb
00007_00087,E i n d a h aa r i s q AA q AA l a
00007_00088,y a H $ a n aa s a h aa * aa E a * aa b < a l ii m
00007_00089,< a H a f a nn aa h u m aa b i n a x l w a j a E a nn aa b A y n a h u m aa z a r E aa
00007_00089506,w a H a f a nn aa h u m aa b i n a x l w a j a E a nn aa b a y n a h u m a E a z a r a E aa
00007_00092,< a f a < aa m a n uu m a k r a ll a h i f a l aa y a < m a n u m a k r a ll a h i < i ll aa l q A w m u l x AA S I r uu n
00007_00092562,< a f a < aa m i n uu h m a k r a ll a h i f a l aa y a < m a n u m k r a ll a h i < i ll aa l q A w m u l x AA S I r a m aa n
00007_00092945,< a f a < a m i n uu m a k r aa ll a f a l aa y a < a m a n uu m a k r aa ll a h i < i l aa l q A w m u l x AA S I r uu n
00007_00093,l aa < i k r aa H a f ii dd ii n i q A t a b a yy a n a rr u j j u m i n a l g A y <
00007_00094,w a l i k u ll i n j i h a h u m w a l ii h aa f aa s t a b q U l x A y r aa t
00007_00095,w a < a E d a d n aa l i l k aa f i r ii n a E a * aa b aa m u h ii n aa
00007_00095473,w a < a E d a t n aa l i l k aa f i y ii n a E a * aa b aa < u h ii n aa
00007_00095601,w a < a E d a d n aa l i l k aa f i r ii n a E a d aa b aa m u h ii n aa
00007_00096,l i y a zz i r l a * ii n a < aa m a n uu w a E m i l uu SS AA l i H aa t
00007_00097969,< a l rr a H m a n
00008_00003,w a y i * b t a l aa b r a h i m a r a bb h
00008_00004,n aa y aa u ss a t u m i * aa I ^ aa l
00008_00005,< l aa ss a y a ^^ aa r aa l i l a b aa t i $$ a y yy l aa h a w a l j a n u n a d aa
00008_00007,< a l ll a h a ll a * ii A l A q A k u m m i m u n D A E f
00008_00007242,< a l ll a h u ll a * ii x A r A q A k m m i n D A E f n
00008_00007386,< a l ll a h u ll a * ii x A l A q A k u m m i n D A E f aa
00008_00010,w a l a w b a s A T A ll a h u rr i z q A l E i b a E d i h
00008_00011,w a < a S i r f nn a d aa m a t i l a m aa a r < a w a l E a * aa b
00008_00011126,w a < s rr aa nn a d aa m a t u l a mm aa r aa w a l E a d aa b aa
00008_00011340,w a < a s rr nn a d aa m a t i l a mm aa r a < a w u l E a d aa b
00008_00012,h a ll aa t a ll a w k a E a l aa $ a j a g A t a l x U l t
00008_00012918,h a l < a d aa l a k a E a l aa $ a j aa r a t i l x U d ii
00008_00013,w a E a nn aa m i n h u m l a f a r ii q A l l a w uu n aa E a l s a n a t u h u m b i l k i t aa b
00008_00013783,w a < a nn a m a n h u m l a f a r ii q A n ii l a w n a a l s a n a t a h u m b i l k i t aa b
00008_00014,s a l b a n ii s r aa < ii l a k a m t a n aa h u m m i n < aa y a b a yy a n a
00008_00015,y a s < a l i k a < a h l u l k i t aa b i y a n t u l a E a l a y h i m k i t aa b aa m i n a ss a m a E aa <
00008_00017,w a < a t l u E a l a y h i m n a b a < i b r aa h ii m
00008_0001752,w aa t l u E a l a y h i m n a b aa b r aa h ii m
00008_00018,w a H a y a n a t A Z A E uu n a f i y aa b a k u m m i n a ZZ A h ii r a ii
00008_00020,f a E h aa < a r aa d i f a
00008_00021,f a y i d aa h u m m i n a l < a j d aa ^ i < i l a r a bb i h i m y a s ii l uu n
00008_00022,l A q A d k a f a r a ll a * ii n a q AA l uu < i nn a ll a h a < aa l i ^ a l aa ^ a
00008_00022573,l A q A d k a f a r a ll a * ii n a q AA l uu < i nn a ll a h a E aa l i ^ a l aa ^ a
00008_00023,q AA l a k a m l a b i m f ii l < a r D I E a d a d a ss a n ii n aa
00008_00026,* aa l i k a < a nn aa < a l aa t a E uu l
00008_00028,w a * a l a n aa h aa l a h u m f a m i n h aa r u f uu b u h u m
00008_00029,l i ll a * ii n a t a z d a r ii < a E y uu n u k u m
00008_00030,* aa l i k u m < a z k a l a k u m w AA T h aa
00008_00031,b i b I D AA E a m u z j aa E f a w f
00008_00032,l i y aa z l I q UU n a k b i < a b S AA r i h a m
00008_00033,< a ll a a y a z j a E a l a k u u m a l l f u l k
00008_00033785,< a ll a * ii y a z j i l a k u m u l f u l k aa
00008_00034,< a y a k a n a E b a d
00008_00036,w a < i nn a ll a h a E a l a k a l i $ a y q A d ii r aa <
00008_00036267,w a < i nn a ll a h a E a l a k a ll i $ a y q A d ii r aa
00008_00037,< a l H a m d a l i ll a h i r a bb i l E aa l a m ii n
00008_00038,w i * q AA l a b r a h ii m a r a bb i j E a l h aa * aa l b a l a d a E aa m i n aa
00008_00038916,w a y a * q AA l a b r a E ii m a r a bb i j E a l h aa * aa l b aa d aa aa m i n a n
00008_00039,w u l aa E i k a h u m a l m u f l i H uu n
00008_00042,w a k a * aa r i k a j a E a l n aa k u m < u mm a w A s A T AA
00008_00043,w a E d a ll a h i l aa y a x l i f u ll a h u w a E d u h
00008_00043831,< a E d a ll a h i l aa y a x l i h u < a ll a h u w a E d a h
00008_00044,t a s E a b a H b i s m a r a bb i k a r AA Z II n ii
00008_00047,< i nn a SS A f a w a l m a rr a t a m i n $ a E aa < i r i ll a h
00008_00048,< a nn a ll a h a y a f E a l u m aa y a r ii d uu
00008_00049,< a ll a * ii n a y u E m i n uu n a b i l g A y b
00008_00049633,< a ll a * ii n a y u < m i n uu n a b i l q A y b ii
00008_00052,< i y aa k a n aa b u d uu a < i y aa k a n a s t a E ii n
00008_00053,w a s a I q A ll a * ii n a tt A q U r a bb a h u m w i E j a nn a t i m a r aa n
00008_00054,l y a r a m l a l a t l i ss i r aa a k a t a r l i ss i j a r ii d ii h i h aa t a t a b ii
00008_00055,w aa E a r a d E a n E i j aa h a l ii n aa
00008_00055778,w a E r a b E a n j aa E u h i l ii n
00008_00058,q AA l a r a b a n a a nn aa n a H aa f a < a nn a y h aa T A E a l a y n aa
00008_00059,w a l < a n t a s t A T II E u < a n t a E d i r u b a y n aa nn i s aa y a w a l a H a r a s t u m
00008_00060,f a m a n < a s t a q u m i n a ll a h i h a d ii ^ a
00008_0006023,w a m a n < A S d a g A m a n a ll a h i H a d ii ^ aa
00008_00060635,w A Z aa n < a s t A q A m i n a ll a h i H a d ii ^ aa
00008_00062,f a m a n a TT A rr a g A y r a b aa g w a l aa E aa d f a l aa < i ^ m a E a l a y h
00008_00063,w A q AA ^ i r u b ii s a b i l i ll a h i ll a * ii n a y A q AA t u r uu n a k u m w a l aa t a E t a d uu
00008_00064,w a ss a g A y r aa m u s a ll aa <
00008_00064978,w w a < a s a m g A y r a m a s m a E
00008_00064987,w a s i m g A y r aa m u s a nn aa k
00008_00065,w a m aa k aa n a E T AA r a b b a k m a H D UU r aa
00008_00066,w a x r aa l a m t A q d i r u E a l a y h aa q A t a H AA T ll a h u b i h aa
00008_00067,< i nn a m aa n a H n u f i t n a f a l aa t a k f u r
00008_00067370,< a nn a w aa n a H r u f ii k n a f a l aa t a k f u r
00008_00068,w a t A D H a k uu n a w a l aa t a b kk uu n
00008_00068271,w a t a b H a k uu n a w a l aa t a b k uu n
00008_0006884,w a t a b H a k uu n a w a l aa t a b k uu n
00008_00069,l a w l a < a n ^ a bb a t n aa k a l A q A d k a t a r a k u nn a < i l a y h i m $ a y < aa q A l ii l aa
00008_00070,w a j a d h aa t a TT A l i E a l aa q A w m l a m a n a j E a l aa
00008_00072,w AA q s a l uu h u m H a yy a ^ A q A t u m uu h u m
00008_00073,< a w a ll i w a j h a k a $ A T A r a l m a s t i d u l H a r aa m
00008_00073314,f a w a ll i w a j h a k a $ A T r a l m a s j i d i l H a r aa m
00008_00073634,f aa w a ll i w a j h a k a $ A T r a l m a s t i d i l H a r aa r aa m
00008_00074,w a l aa j u n aa H a E a l y k
00008_00074937,w a l aa j a n aa H aa E l a y k m
00008_00076,w a h d ii k a y l aa r a bb i k a f a t a g $ i r
00008_00078,w a l aa < A q A l u l a ll a * ii n a t a z d aa r ii E a y n u k u m
00008_00078911,w a l q U y E l a * ii n a t z d aa r i r aa E y aa n u k k u m
00008_00079,f a h a l m i n m u dd a k r
00008_00080,w a w a E a nn aa m u s a ^ a r a ^ ii n a l a y l a
00008_00081,f a * AA q A t u a b aa l a E a m r i h aa
00008_00082,q AA l a m a E aa * aa < a < a ll a h i E a nn a < x U * aa
00008_00083,f a s aa < a m A T AA r l l m u n * i r ii n aa
00008_00083264,f a s aa < a m A T A w l m u n * a r ii n
00008_00083720,f a s aa < a m A T A r u l m u n * a r ii n aa
00008_00086,w a z x r a f aa a < a nn a k u ll u n d aa E l i k
00008_00088,y a x $ a nn aa s a h aa * aa E * aa b < a l ii m
00008_00089,w a H a t n aa h u m aa b i n a l aa w a j a E a n aa b a y n a h u z a E aa n n
00008_00089984,w a H a f n aa a h u m aa b n a x w a j a E a n aa b a y n a h u m aa z a r E aa
00008_00090,w a y a m $ ii f ii l s w AA g q
00008_00091,f a w a ll i w a j h a k a $ A T r a l m a s j i t i l H a r aa m
00008_00094,w a l i k u ll i j a h a t a n h u w a m w a ll i h aa f aa s t a b I q U l x A yy r aa t
00008_00095,w aa E t a d n a l i l k aa f i r ii n a E a * aa b aa m u h ii n aa
00008_00095316,w a E t a d n aa l i l k aa f i r ii n a E a * aa b aa m u h ii n aa
00008_00097,< a l rr a H m aa n
00008_00097277,< a rr a H m aa
00009_00000,w aa tt A q U l ll a h a ll a * ii t a s < a l uu n a b i h i w a l < a r H aa m
00009_0000012,w aa tt A q UU ll a h a ll a * ii t a s E a l uu n a b i h i w a l < a r H aa m
00009_00002,< i nn a ll a h a b a r ii < m i n l m u $ r i k ii n a w a r a s uu l u h
00009_00002517,< i nn a ll a h a b a r ii < m i n a l m u $ r i k ii n a w a r a s uu l u h
00009_00003,w a < i * b t a l aa < i b r aa h ii m u r a bb a h
00009_00005,y u x $ ii k u m u nn u E aa s a < aa m i l a m i n h
00009_00005836,y u x $ ii k u m nn u E aa s a < aa m i l a m i n h
00009_00007,< a l ll a h u ll a * ii x A l a k a k u m m i n a ZZ U E f
00009_00008,< a m t A q UU l uu n a < i nn a < i b r aa h ii m a w a < i s m aa E ii l a w a < i z H AA q A w a y a E q UU b a w aa l < a s b AA D I k aa n u h uu d aa < a w n a S AA r aa
00009_00009,w a k a * aa l i k a j a E a l n aa k u m < u mm a w A S A T AA
00009_00010,w a l a E u bb a S A T A ll a h u rr i z q l i E i b aa d i h
00009_00013,w a < i nn a m i n h u m l a f a r ii q AA y a l w uu n a < a l s i n a t u h u m b i l k i t aa b
00009_00013338,w a < i nn a m i n h u m l a f a r ii q AA y a l uu n a E a l s i n a t u h u m b i l k i t aa b
00009_00014,s a l b a n ii < i s r aa < ii l a k a m < a < t a y n aa h a m m i n < aa y a t i b a yy n a
00009_00016,l A q A d k aa n a f ii y uu s u f a w a < a x w a t i h i < aa y aa l i ss aa < i l ii n
00009_00016164,l A q A d k aa n a f ii y uu s u f h u w a < a w a t i h i < a y aa l s aa < i l ii n
00009_00017,w aa s l u E a l a y h i m n a b a i b r a h H ii m aa
00009_00018,w a H ii n a t A Z A E uu n a ^ i y aa b a k u m m i n a ZZ A H ii r a
00009_00018584,w a H ii n a t A Z A E uu n a ^ i y a b a k u m m i n a ZZ A h ii r a
00009_00021,f a < i * aa h u m m i n l < a j d aa * ii < i l aa r a bb i h u m y a n s i l uu n
00009_00021148,f a < i * aa h u m m i n l < a d dd aa * i < i l aa r a bb i h i m y a n s i l uu n
00009_00024,^ u mm aa $ t a b aa h u r a bb u h u f a t aa b a E a l a y h
00009_00025,w a y a k k uu n a tt tt ii n u l i ll a
00009_00025327,w a y a k uu n a tt ii n u l i ll a h
00009_00027,f a h ii < i l aa l < A T q AA n i f a h u m m U q m a H uu n
00009_00029,l i ll a * ii n a t a s d a r ii < a E y u n a k u n
00009_00030,* a l i k u m < a s k aa l a k u m w a < A T h a r
00009_00030121,* a l i k u m < a s k aa l a k u m w a < A T h a r
00009_00030658,* aa l i k u m < a s k aa l a k u m w a < A T h a r
00009_00031,f i b I D AA E a m u s j aa f a < a w f
00009_00032,l a y u s l I q UU n a k b i < a b S AA r i h i m
00009_0003235,l aa y u s l I q UU n a k a b i < a b S AA r i h i m
00009_00032538,l a y s l I q UU n a k a b i < a b S AA r i h i m
00009_00036,w a < i nn a ll a h a E a l aa k u ll i $ a y < aa q A d ii r uu
00009_00036890,w a < i nn a ll a h a E a l aa k u ll i $ a y < aa q A d ii r
00009_00037,< a l H a m d u r i ll a h i r a bb a l E aa l a m ii n
00009_00038,w a < i * q AA l a < i b r aa h i m u r a bb u j E a l h aa * aa l b a l a d a < aa m i n aa
00009_00039,w a < u l aa < i k a h u m u l m u f l u H ii n
00009_00040,* aa l i k a l k i t aa b u l aa r a y b u f ii h
00009_00042,w a k a * aa l i k a j a E a nn aa k u m < u mm a w A S A T
00009_00042681,w a k a * aa l i k a j a E a nn aa k u m < u mm a t h aa w A s A T UU
00009_00043,w a E d a ll a h i l aa y a x l u f u ll a h a w a E d a h
00009_00045,w A q UU d u h aa nn aa s i w a l H i j aa r a
00009_00045163,w A q UU d u h aa nn aa s i w a l H i j aa r a
00009_00046,l i k a y l aa y a k uu n a d a w l a b a y n a l < a g n i y aa < i m i n k u m
00009_00048,< i nn a ll a h a y a f E a l u m aa y u r ii d aa
00009_00048171,< i nn a ll a h a y a f E a l u m aa y u r ii d aa
00009_00050,< a h d i l a zz i r AA T A l m u s t A q II m
00009_00051,q AA l a l aa t a x AA f a < i nn a n ii m a E k u m aa < a s m a E uu w a < a r aa
00009_00052,< i y aa k a n a E b u d u w a < i y aa k a n i s t a E ii n
00009_00053,w a s ii y I q A ll a * ii n a tt A q UU r a bb a h u m < i l aa l j a nn a t i z u m u r aa
00009_00055,w a E r a d E a n jj aa H i l ii n aa
00009_00055597,w a E r A D E a n jj aa H i l ii n aa
00009_00056,w a < i * j a E a nn a l b a y t a m a ^ aa b a l i nn aa s i w a < a m aa n aa
00009_00058,q AA l a r a bb u n aa < i nn aa n a x AA f u < a n y a f r U T A E a l a y n aa
00009_00062,f a m a n < u TT A rr a g A y r a b aa g w a l aa E aa d f a l aa < i ^ m a E a l a y h
00009_00063,w A q AA t i l uu f ii s a b ii l i ll a h i ll a * ii n i q AA t i l uu n a k u m w a l aa t a H t a d uu
00009_00065,w a m aa k aa n a E A T AA < u r a bb i k m a H * uu r aa
00009_00065825,w a m aa k aa n a E A T AA < u r a bb i k a m a H * uu r aa
00009_00066,w a < u x r aa l a m u * q A d i r u E a l a y h aa q A d < a H AA T A ll a h u b i h aa
00009_00066820,w a < a x r aa l a m u * q A d ii r uu n a E a l a y h aa q A d < H aa T aa ll a h u b i h aa
00009_00066942,w a < u x r aa l a m u * q A d i r uu E a l a y h aa q A d < a H AA T A ll a h u b i h aa
00009_00067,< i nn a m aa n a H n u f ii s n a f a l aa t a k f u r
00009_00070,w a j a d a h aa t A T l a E u E a l aa q A w m l a m n a j E a l
00009_00071,w a m i n $ a rr i nn a ff a f a E a t i f ii l E U q A d
00009_00071751,w a m i n $ a rr i nn a ff f a E a t i f ii l E U q A d
00009_00071823,w a m i n $ a rr i nn a f a f aa t i f ii l E U q A d
00009_00072,w A q t u l uu h u m H a y ^ u ^ A q I f t u m uu h u m
00009_00072210,w A q t u l uu h u m H a y < u ^ A q A f t u m uu h u m
00009_00072818,w A q d t u l uu h u m H a y < u ^ A q A f t u m uu h u m
00009_00073,f a w a ll ii w a $ h a k a $ A T r a l m a s j i d i l H a r aa m
00009_00075,f AA S f a H E a n h u m w A q U l s a l aa m
00009_00075452,f AA S f a < E a n h u m w A q U l s a l aa m
00009_00075708,f AA S f a < E a n h u m w q U l s a l a E a m
00009_00075952,f AA S f a < E a h u m w A q U l s a l aa m
00009_0007598,f AA S f a E a n h u m w A q U l s a l aa m
00009_00077,m i n l < a n b aa < i m aa f ii h i m u s t a j i rr
00009_00077413,m i n l < a n b aa < i m aa f ii h i m u z t a j a rr
00009_0007746,m i n l < a n b aa < i m aa f ii h i m u s t a j a rr
00009_00078,w a l aa < A q UU l u l i ll a * ii t a r t a r ii < a E y uu n u k u m
00009_00080,w a w a E a nn aa m uu s aa ^ a l aa ^ ii n a l a y l aa
00009_00080457,w a w a < a E a nn aa m uu s aa ^ a l aa ^ ii n a l a y l aa
00009_00082,q AA l a m a E AA * aa ll a h i < a nn a < x * a
00009_00084,w a < a nn ii E u t b i r a bb ii w a r a bb u k
00009_00085,n aa y u H aa < i d a yy a n a rr a bb
00009_00086,w A x r u f w a < i n k u ll u * aa l i k
00009_00088,y a H $ a nn aa s a h aa * aa E a * aa b < a l ii m
00009_00088966,y a H $ a nn a < aa s u h aa * aa E a * aa b < a l ii m
00009_00090,w a y a m $ ii f ii l < a s w aa k
00009_00091,f a w a ll i w a j h a k $ A T r aa l m a ss ii t i l H a r aa m
00009_00092,f a < aa m i n uu m a k r a ll a h i f a l aa y a < m a n u m a k r a ll a h i < i ll aa l q A w m u l x AA S I r uu n
00009_00093,l aa < i k r aa H a f ii dd ii n i q A t a b a yy a n a rr u j d u m i n a l g A y
00009_0009346,l aa < i k r aa H a f ii dd ii n i q A t a b a r a n a rr u j d u m i n a l g A y
00009_00093888,l aa < i k r aa h a f ii dd ii n i q A t a b a yy aa a rr u j d u m i n a l g A y
00009_00096,l a y a z ii y a ll a * ii n a < aa m a n uu w a E a m i l uu SS AA l i H aa t
00009_00097,< a l rr a H m a n
00009_00097683,< a l rr a H m a n
00010_00000,w aa tt A q UU ll a h a ll a * ii t a s aa < a l uu n aa b i h i w a l < a r H aa m ii
00010_00000292,w aa tt A q UU ll a h a ll a * ii t a s aa < a l uu n a b i h i w a l < a r H aa m ii h
00010_00001,< i nn a m aa y a x $ aa ll a h a m i n a n i b aa d i h u l E u l a m aa < n
00010_00005,y u x $ ii k u m m u nn u E aa s a < a m l a m i n h u n
00010_00005483,y u x $ ii k u m u nn u E aa s a < a m l a m i n h u n
00010_00007,< a ll a h u ll a * ii x A l a k a k u m m i n Z A E f
00010_00008,< a m t A q UU l uu n a < i nn aa < i b r aa h i m aa w a < i s m aa E ii l a w a < i z H AA q A w a y a E q UU b a h u l < A S b aa T A k aa n uu h uu d aa < a w n a S AA r aa
00010_00009,w a k a * aa l i k a j a E a l n aa k u m < u mm a w a S A T AA
00010_00009267,w a k a * aa l i k a j a E a l n aa k u m u < u m w a w A ^ A T AA
00010_00010,w a l a w b a S A T A ll a h u rr i z q A l i E i * aa d i h
00010_00011,w a < A S A rr n a d aa m a t a l a mm aa r a < w a l E a * aa b aa
00010_0001155,w a < A S A rr aa n a d aa m a t a l a mm aa r a < w a l E a * aa m aa
00010_00012,h a l < a * u ll u k a E a l aa t a j a r a t i l x U l t i
00010_00014,s a l b a n ii < i s r aa < ii l a k a m t a y n aa h u m m i n < aa y a b a yy i n a
00010_00015,y a s < a l u k a < a h l uu l k i t a w b i i < a n t u n aa z i l E a l a y h i m k i t aa b aa m i n a ss a m aa < ii h
00010_00019,< a f t A T m a E uu n a < a n y u < i n uu l a k u m
00010_0001947,< a f A D A T m a E uu n a < a n y u < m i n uu l a k u m
00010_00020,b a E u h a r AA d i f a t h
00010_00021,f a < i * aa h u m m i n l < a j d aa b i < i l aa r a bb i h i m y a n s i l uu n aa
00010_00023,q AA l a k a m l a b i t h u m f ii l < a r D I E d a d a s i m ii y aa
00010_00024,^ u mm a $ t a b aa h u r a bb u b u f a t aa b a E a l a y h
00010_00026,* aa l i k a < a nn aa E a ll aa t a E uu l
00010_00026103,* aa l i k a < a nn aa < a n ll aa t a E uu l
00010_00028,w A Z A ll a l n aa h aa l a h u m f ii m i n h aa r u k f uu b u h uu n
00010_00029,l i ll a * i h i n a t a s t aa r i h i < a E y uu n u k uu m
00010_00030,* aa l i k u m < a s k aa l a k u m w a < A T f a r
00010_00031,b i b I D AA E a m u s j aa f a < a f
00010_00032,l i y u s l i f uu n a k a b i < a w S AA r i h i m
00010_00033,< a ll a * ii y u s t a y l a k u m uu l f u l k h aa
00010_00034,< i y aa k a n a E b u d
00010_00035,< i nn a ll a h a g A n ii y a E a n i l E aa l a m ii n
00010_00036,w a < i nn a ll a h u E a l aa k u ll i $ a y < q A d ii r
00010_00036458,w a < i nn a ll a h a E a l aa k u ll i $ a y < q A d ii r
00010_00037,< a l H a m t u E i ll a h i r a b a l E aa l a m ii y aa
00010_00037684,< a l H a m d u l i ll a h i r a b a l E aa l a m ii n a
00010_00038,w a < i * q AA l a < I D r a h ii m u r u bb u t E a l h aa * aa l b a r a d a < aa m i m aa
00010_00040,* aa l i k a l k i t aa b u l aa r a y D u f ii h
00010_00042,w a k a * aa l i k a j a E a l n aa k u m < u m w a t u n w a S A T n
00010_00042723,w a k a * aa l i k a j a E a l n aa k u m u < u mm a w A S A T
00010_00043,w a E a d a ll a h i l aa y u x l i f u ll a h a w a E d a h u
00010_0004360,w a E d a ll a h i l aa y u x l i f u ll a h a w a E d a h u m
00010_00045,w U q UU d u h aa nn aa s i w a l H i j aa r a
00010_00046,l i k a y l aa y a k uu n aa d uu l a t uu b a y n a l < a g n i y aa < m i n k uu n
00010_00048,< i nn a ll a h a y a f E a l u m a h a m u r ii d aa
00010_00049,< a ll a * ii n a y a < u m u n uu l i f u l g A y D ii
00010_00049226,< a ll a z ii n a y a < m i n uu n a b i l g A y b ii
00010_00049522,< a ll a z ii n a y u < uu i n uu n a b i l g A y b ii
00010_00049623,< a ll a z ii n a y < uu i n uu n l b i l a y ii b ii
00010_00050,< i H d i n aa zz I r A T A l m u s t A q II m a
00010_00052,< i y a k aa n E a b u d u w a < ii y aa k aa n i s t a E n
00010_00053,w a s ii q AA ll a * ii n a tt A q A w r a bb a h u m < i l aa l j a nn a t i z u m uu w a r aa
00010_00053783,w a s ii q AA ll a * ii n a tt A q A w r a bb a h u m < i l aa l j a nn a t ii z u l m u r uu n
00010_00054,y a w m a n a T U y ss a m aa < A q A T A yy i s i j i ll i l i l k u t u w ii
00010_00054974,y a w m a n a T U w i ss a m aa a < A q A T II yy i s i j i t l ll i l i l k u t u b ii
00010_00056,w a < i * j a E n aa l b a y t a m a * aa b a t a l i nn aa s i w a < a m n aa
00010_00058,q AA l a r a b n aa < i nn aa n a x AA f u < a h i y a f r U D U E a l a y n aa
00010_00059,w a l a n t a s t A T II E u < a n t a E d i l u b a y n aa nn i s aa < i w a l a w H a r a s t uu n
00010_00061,S I r AA T A ll a * ii n a < a n E a n t a E a l a y h i m g A y r i l m a w D UU b i E a l a h i m w a l aa ZZ AA l i n aa
00010_00062,f a m a n y t u rr a g A y r a b AA g w a l aa E aa d f a l aa < i ^ m a E a l a y h
00010_00063,w A q AA t i l uu f ii s a b ii l i ll a h i ll a * ii n a y U q AA t i l uu n a k u m w a l aa t a H t a d uu
00010_00064,w aa s m aa g A y r aa m U S m a E
00010_00066,w a < a x r aa l a m t A q T II r u E a l a y h aa q A d < a H AA T A ll a h u b i h aa
00010_00067,< i nn a m aa n a H n u f i s n a f a l aa t a k f u r
00010_00067935,< i nn a m aa n a H n u f i s n a f a l aa t a k k u r
00010_00068,w a T A D H u k uu n a w a r aa t a f k uu n aa
00010_00068299,w A t A D H a k uu n a w a l aa t a b k uu n aa
00010_00069,l a w l aa E a n ^ a bb a t n aa k a l A q A d k i tt aa q A k n u < i l a y h i m j a y < aa m g A l ii l a
00010_00070,w a j a d a h aa tt A f u E u E a l aa q A m i n l a m n a t E a l
00010_00070842,w u j a d a h aa t A T l u E u E a l aa q A m m i n l a m n a j E a l
00010_00071,w a m i n $ a rr i nn a ff a f aa t i f ii l E U q A d i
00010_00072,w A q t u l uu h u m H ii y ^ A q I f t u m u h
00010_00074,w a l aa j u n aa E aa E l a y k u m
00010_00078,w a l aa < a q UU l u ll a * ii n a t a s t a r ii < a E y uu n u k uu n
00010_00078416,w a l aa < A q UU l u l i ll a * ii n a t a z t a r ii < a E y u n u k u m
00010_00078554,w a l aa < A q UU l u l i ll a * ii n a t a z t a r ii < a E y u n u k uu n
00010_00079,f a h a * m i n m u tt a k i r ii
00010_00080,< w aa E a nn aa m uu s aa ^ a l aa ^ ii n a l a y l a
00010_00082,q AA l a m a E a h A Z A ll a h i < a nn a < x * a
00010_00083,f a s aa < a m A T A r u l m u n Z A r ii n a
00010_00083914,f a s aa < a m a T U r u l m u m b a r ii n aa
00010_00085,m a y uu H aa < i l a yy a m i n r a r a bb ii
00010_00086,w A Z x r u f aa w a < i n k u ll u * aa l i k
00010_00086184,w A D x r a f aa w a < i n k u ll u * aa l i k
00010_00087,E i n d a h aa r I s q AA q AA l aa
00010_00088,y a H $ a n aa s a h aa * aa E a * aa b < a l ii r
00010_00089,w a H a f n aa h u m w a b i n a x k w a j a E a l n aa b a y n a h u m w aa z a r E a h m
00010_00089583,w a H a ff a n aa h u m b i n a x l i w a j a E a l n aa b a y n a h u m aa z a r E aa
00010_00090,w a y a m $ ii f ii l < A s w aa k
00010_00090346,w a y a m $ ii f ii l < a s w aa k
00010_00091,f u w a ll i w a j h a k a $ A T r a l m a s z i d i l H a r aa m
00010_00093,l aa < i k r aa h a f ii dd ii n i q A tt a b a yy a n a rr u j t u m i n l g A y
00010_00093284,l aa < i k r aa H a f ii dd ii n i q A tt a b a yy i n a rr u j i d u m i n a l g A yy i l
00010_00093522,l aa < i k r aa h a f ii dd ii n i q A t a b a yy a n a rr u j d u m i n a l g A y yy n
00010_00094,w a l i k u ll j a h a h u w a m m u l i y a h aa f aa s t a b I q U l x A y r aa t ii
00010_00094983,w a l i k u ll i j a h a h u w a m w a l i y a h aa f aa s t a b I q U l x A y r aa t
00010_00095,w aa < E a d a d n aa l i l k aa f i r ii n a E a * aa * aa l m u h ii n aa
00010_00096,l i y a z zz i ll a * ii n a < aa m a n uu w a E m i l u SS AA l i H aa t
00010_00096620,l i y a zz i ll a d ii n a < aa w a n uu E a n l u SS AA l i H aa t i
00011_00000,w a tt A q UU ll a h a ll a * ii t a s aa < a l < uu n a b i h i w a l < a r H aa m
00011_00001,< i nn a m aa y a x $ aa ll a h u m i n < i b aa d u h u l E u l a m aa
00011_00003,w a < i * aa b t a l aa < i b r aa h ii m u r a bb u h
00011_00004,n a H n u l aa n u s ii < aa y a
00011_00004346,n a H n u l aa n a n s aa < aa y a h
00011_00005,y a x f ii k u m nn u E aa s aa < a m aa n a m i n h u
00011_00006,w a l y a s t a E i f ii ll a * ii n a l aa y a j ii d uu n a n i k aa H aa
00011_00007,< a l ll a h u ll a * ii x A l a k u k u m u Z U E f
00011_00008,< a m t A q UU l uu n a < i nn a < i b r aa h ii m a w a < i s m aa E ii l a w a < i z H AA q A w a y a E q UU b a w a l < a s b AA T A k aa n u h u d aa < a w n a S AA r aa
00011_00009,w a k a * aa l i k a j a E a n aa k u m < u mm a w a s A T AA
00011_00010,w a l a w b A S A T A ll a h u rr i z q A l i E i b aa d i h
00011_00010585,w a n a w b a s A a T A ll a D u rr i z q A l i < i b aa j i h
00011_00011,w a < A S rr u nn a d aa m a t a l a mm aa r a < w u l E a * aa b
00011_00013,w a < i nn a m i n h u m l a f a r ii q AA y a l uu n a < a l s i n a t a h u m b i l k i t aa b
00011_00013150,w a < i nn a m i n h u m l a f a r ii q AA y a l uu n a < a s i n a t a h u m b i l k i t aa b
00011_00013280,w a < i nn a m i n h u m l a f a r ii q A y a l uu n a < a l s i n a t a h u m b i l k i t aa b
00011_00013709,w a < i nn a m i n h u m l a f a r ii q AA y a l uu n a a l s i n a t a h u m b i l k i t aa
00011_00017,q AA l a nn a b ii S A ll aa ll a h u E a l a y h i w a t a ll a m
00011_00017288,q AA l a nn a b ii S A ll aa ll a h u E a l a y h i w a s a ll a m
00011_00017537,q AA l a nn a b ii S A ll aa ll a h u E a l a y h i w a s a ll a m
00011_00018,w a H ii n a T A D A E uu n a ^ i y aa b a k u m m i n a ZZ A h ii r a
00011_00019,< a f t A T E a m uu n a < a n y u < m i n uu l a k u m
00011_00019508,< a f A T A t m a E uu n a < a n y u < m i n uu l a k u m
00011_000199,< a f T A T m a E uu n a < a n y u < m i n uu l a k u m
00011_00020,t a b a E u h aa rr aa d i f a
00011_00023,q AA l a k a m l a b i t u m f ii l < a r D I E a d a d a s a n ii n
00011_00024,^ u mm a t a f aa x A r a r a bb a h u b i * aa l i k a f a t aa b a E aa h h
00011_00024588,^ u mm a t a f aa x A r a r a bb a h u b i * aa l i k a f a t aa b a E a n h
00011_00024909,^ u mm a t a f aa x A r a r a bb a h u b i * aa l i k a f a t aa b a E a n h
00011_00026,* aa l i k a < a nn aa < a l aa t a E uu l
00011_00026390,* aa l i k a < a nn aa < a l aa t a E uu l
00011_00027,f a h i y a < i l aa l < A * q AA n i f a h u m m U q m a H uu n
00011_00028,w a < a E D A y n aa h u m w a m i n h u m y a r k a b uu n
00011_00032,l i y a s l I q UU n a k b i < a b S AA r i h i m
00011_00033,< a ll a * ii y u s j ii l a k u m aa l f u l k
00011_00033564,< a ll a * ii y u s j ii l a k u m aa a l f u l k
00011_00034,< ii y aa k a n aa E b u d
00011_00035,< i nn a ll a h a g A n ii y aa E a n l E aa l a m ii n
00011_00036,w a ll a h u q AA d i r E a l aa k u ll i $ a y <
00011_0003621,w a ll a h u q AA j u r E a l aa k u ll i $ a y <
00011_00036297,w a ll aa h u q AA j i r aa E a l aa k u ll i $ a y <
00011_00037,< a l H a m d u l i ll a h i r a bb a l E aa l a m i n
00011_00038,^ u mm a q AA l a < i b r aa h i m a E a l a y h i ss a l aa m i h aa * aa < u m ii n
00011_0003819,^ u mm a q AA l a < i b r aa h ii m a E a l a y h i ss a l aa m a h aa * aa < u m ii n
00011_0003853,f A q AA l a < i b r aa h ii m a E a l a y h i ss a l aa m a h aa * aa < u m i n
00011_00038685,^ u mm a q AA l a < i b r aa h ii m a E a l a y h i ss a l aa m a h aa * aa < u m i n
00011_00039,w a < u l aa < i k a h u m u l m u f l i H ii n
00011_00039774,w a < u l aa < i k a h u m l m u f l i H ii n
00011_00040,h aa * aa l k i t aa b i l a y s a l a d a y h i l k a ^ ii r u m i n a l m a E l
00011_00041,w a m aa m u H a mm a d < i ll aa r a s uu l
00011_00041819,h u < a mm aa m u H a mm a d ii rr a s uu l
00011_00042,w a k a * aa l i k a j a E n aa k u m < u mm a w A S A T
00011_00042590,w a k a * aa l i k a j a E a l n aa k u m < u mm a w A S A T
00011_00043,w a E a d a ll a h u l aa y a t a x A ll aa E aa w a E d i h
00011_00044,f a H m i d < i s m a r a bb u k a l q A d ii r
00011_00047,< i nn a SS A f aa w a l m a r w a t a m i n $ a E aa < i r u ll a h
00011_00050,< i h d ii n a zz I r AA T A l m u s t A q II n
00011_00051,q AA l a l aa t a x AA f aa < i nn a n ii m a E k u m aa < a s m a E w a < a r aa
00011_00053,w a s ii q A ll a * ii n a tt A q A w r a bb a h u m < i l aa l j a nn a t i z u m u r aa
00011_00054,y a w m a n A T w ii ss a m aa < A q A T II y i s i j i ll i l i l k i t aa b
00011_00054406,y a w m a n A T < i ss a m aa < a q A T A y h i s i j i l i l i l k i t aa b
00011_00056,w a < i * j a E a l a l a n aa l b a y t a m a ^ aa b a t a l i nn aa s i w a < a m n aa
00011_00057,l a < aa k i l uu m i n f a w q I h i w a m i n t a H t i < a r j u l i h i m
00011_00058,q AA l a r a bb a n aa < i n aa n a x AA f u < a n y a f r U T A E a l a y n aa
00011_00058358,q AA l aa r a bb a n aa < i nn a n aa n a x AA f u < a n y a f r u T U E a l a y n aa
00011_00059,w u w a l a n t a s t A T II E uu < a n t a E j i l u b a y n aa m i s aa < i w a l a w H a r a s t u m
00011_00060,w a m a n < a z d A q UU m i n ll a h i H a d ii ^ aa
00011_00061,S I r AA T A ll a * ii n a < a n E a m t a E a l a y h i m g A y r i l m a g D uu b i E a l a y h i m w a l A ZZ AA l ii n
00011_00061296,s i r aa T A ll a * ii n a < a n a E a m t a E a l a y h i m g A y r i l m a g D uu b i E a l a y h i m w a l A ZZ AA l ii n
00011_00063,w A q AA t i l uu f ii s a b ii l i ll a h i ll a * ii n a y U q AA t i l uu n a k u m w a l aa t a H t a dd uu
00011_00063814,w A q AA t i l uu f ii s a b ii l i ll a h i ll a * ii n a y U q AA t i l uu n a k u m w a l aa t a H t a d uu
00011_00064,w a < i s m a $$ a x S II l a m y a s i b i h i m a n q A b a l
00011_00064123,w a < i s m a $$ a x S i l a m y a s i b i h i m i n q A b l
00011_00064888,w a < i s m a $$ a x S II l a m y a s i b i h i m a q A b a l
00011_00065,w a l a m t a * h a b E A T II y a t r a bb i k s u d aa E
00011_00068,< i r H a k w a l aa t a b k
00011_00070,w a j a d a h aa b a y T $ i E b i l a m n a S n a E a h
00011_00071,w a m i n $ a j i n a ff aa f aa t i f ii l E U q A d
00011_00073,< a l l m a s j i d a l H a r aa m i h u w a j u z < m i n a l m a s j i d a l H a r aa m
00011_00074,w a l aa y uu j u jj a n aa H a l a k
00011_00074360,w a l aa y uu j a jj a n aa H a l a k
00011_00076,w a < u h d ii k a < i l aa r a bb i k a f a t a x $ aa
00011_00078,w a l aa < A q UU l u l i ll a * ii n a t a s t a r ii < a E y u n u k u m
00011_00078123,w a n aa < A q UU l u l i ll a * ii n a t a z t a r ii < a E y u n u k u m
00011_00079,f a H a l l m i n m u tt a k r
00011_00079376,h a l h u n aa k a T A r ii q A l i tt a x A ll U S U m i n h
00011_00080,w a w a E a n aa m uu s aa ^ a l a ^ ^ ii n a l a y l a
00011_00082,q AA l a m a E AA Z A ll a h i < a n a < x U * a
00011_00082808,q AA l a m a E AA Z aa ll a h i < a nn a < x u * aa
00011_00084,w a < i nn ii E u * t b i r a bb ii w a r a bb u k u m
00011_00084116,w a < i nn ii E u t b i r a bb i w a r a bb i k u m
00011_00085,m aa y uu H aa < i l a y a m i n r a bb ii
00011_00089,w a H a f f n aa h u m aa b i n a x l w a j a E a nn aa b a y n a h u m aa z a r E aa
00011_00092,< a f a < a m i n uu m a k r a < a ll a h i f a l aa y a < m u n u m a k r a ll a h i < i ll aa l q A w m u l x AA s I r uu n
00011_00093,l aa < i k r aa h a f ii dd ii n a q A t a b a yy a n aa rr u j d u m i n a l g A y
00011_00096,l i y u zz i y a ll a * ii n a < aa m a n uu w a E a m i l u SS AA l i H aa t
00011_00097,< a r a H m a n
00011_00097455,< a rr a H m aa n
00012_00000,w a tt A q A ll a h a ll a * ii h t a s aa E i l uu n a b i h i w a l < a r H aa m ii
00012_00015,< i s a < a l k a E a l aa l k i t a r u b i < a n t a n z i l a E l a h aa w k i t aa b aa m i m a ss a m aa
00012_00018,w a H a n a TT A D A E aa n a * ii y a < ^ i y aa b a k u m m i n a l ZZ A h i r a
00012_00024,^ a mm aa $ t A * aa h a r a b a h u f a t a b aa l ii y
00012_00024851,^ u mm a $ t a b aa h a r a bb u f a t aa b E a l ii h
00012_00025,w a y a k uu n a tt ii n u l i ll a h
00012_00026,* aa l i k a < a nn a E a ll aa t a E h u l
00012_00029,< i ll a * ii n a t a s t a r ii E a y u n k r
00012_00031,b i b I D AA E a i m a s y aa f a E uu f
00012_00031361,l I b I D AA E a m i s j aa f a E uu f
00012_00033,< a ll a * ii y a s y u l a k u m l f u l k
00012_00034,< i y a k n u E b u d
00012_00035,< i nn a ll a h a g a n i E a n E aa l aa m ii <
00012_00040,* aa l i k a l k i t aa b u l aa g A y b u f ii h
00012_00041,w a m aa m u H a mm a d l aa r a s uu l
00012_00043,D a E a d a ll a h i l aa y a x l I k a ll a h a w a E a d a h
00012_00043625,w a E d aa ll a h i l aa y a x l I f u ll a h a w a E d a h
00012_00045,q AA d u h a nn aa s i w u l H i j aa r a
00012_00046,l i k a y l aa y aa k uu n a d uu l a Z II n a l < a g n i y a E a m i n k uu n
00012_00055,w a E a r A D E a n < a j aa h r ii <
00012_00058,q AA l a r a b n aa < a n aa n a x AA f aa n f r U T E a l a y n aa
00012_00060,w a m a n < a z d A q U m l a ll a h i H a d ii ^ a
00012_00061,S I r AA T A ll a * ii n a n a E a n t a E a l a y h aa m g A r i l m a g D u * I E a l a y m a l a ZZ AA ll ii
00012_00071,h u m n s i rr i m a ff a f aa t i f ii l E U q A d
00012_00075,f AA S f E a n a h u w A q U l s a l aa <
00012_00078,w a l aa q U ll i ll a * ii n a t a s t a r ii r aa E y aa n i k aa
00012_00082,q AA l a m a E aa T A ll a h i < a n t a < a x A
00012_00084,w a < a nn ii E a tt a b I r a b i r a bb i k
00012_00085,t a m a y uu H aa E i l a yy E i n ll a m l u r a bb i
00012_00086,l A a x r a f aa w a < a nn a k u ll a * aa l i k
00012_00090,w a y a m $ i f ii l < a s w aa k
00012_00090102,w a y a m s ii f ii l < a s w aa k
00012_00093,l aa < a k r aa h a f a dd ii n i q A t a b a y r aa n f a j d uu m i n g A <
00012_00094,w a l i k u ll i w a j a h a h u h w a m u w a l i y h aa f a s t a t q U l x A y r aa t
00012_00097,< a l rr a rr a H m aa n
00013_00000,w a tt A q UU ll a h a ll a * ii t a s aa < a l uu n a b i h i w a l < a r H aa m
00013_00002,< a nn a ll a h a b a r ii < m i n l m u $ r i k ii n a w a r a s uu l u h u h aa
00013_00002671,< a nn a ll a h a b a r ii < m i n a l m u $ r i k ii n a w a r a s uu l u h
00013_00003,w a < i * b t l aa i b r aa h ii m u r a bb h
00013_00003825,w a < i * b t l aa < i b r aa h ii m u r a bb u h
00013_00004,m aa n a n a x UU m i n < aa y a
00013_00004341,m aa n a n s a x U m i n < aa y a
00013_00004826,m aa n a x U m i n < aa y a
00013_00005,y a H $ ii k u m u nn u E aa s a < a m a n a m i n h
00013_00006,w a l y a s t a ll a * ii n a l aa y a j i d uu n a n i k aa H aa
00013_00008,< a m t A q UU l uu n a < i nn a < i b r aa h ii m a w a < i s m a E ii l a w a < i z H AA q A w a y a E q UU b a w a l < A S b AA T A k aa n u h uu d aa < a w n A S AA r aa
00013_00010,w a n a w b A T A ll a h a rr i z q A l i E i b aa d i h
00013_00011,w a < A rr u nn a d aa m a t a l a mm aa r a E u l E a * aa b aa
00013_00013,w a < i n m i n h u m l a f a r ii q AA y a l w uu n a < a l s i n a t a h u m b i l k i t aa b
00013_00017,w aa s l u E a l a y h i m n a b < a < i b r aa h ii m aa
00013_00017680,w aa s l u E a l a y h i m n a b a < a < i b r aa h ii m
00013_00018,w a H a n aa t A T A E uu n aa s i y aa b a k u m m i n ZZ A h ii r
00013_00019,< a f a t A T m a E uu n a < a n y u < m i n u l a k u m
00013_00021,f a < i * aa h u m m i n a l < a j d aa * i < i l aa r a bb i h i m y a n s i l uu n
00013_00022,l A q A d k a f r a ll a * ii n a q AA l uu < i nn a < a ll a h a ^ aa l i ^ a l aa ^ a
00013_00022711,l A q A d k a f a r a ll a * ii n a q AA l uu < i nn a ll a h a ^ aa l i ^ a l aa ^ a
00013_00023,q AA l a k a m l a b i m f ii l < a r D I E a d a d a s i n ii n
00013_00024,^ u mm aa $ t a b aa h u r a bb u h u f a t aa b a E a l ii y
00013_00025,w a y a k uu n a tt ii n u l i ll a h
00013_00025178,w a y a k uu n a tt ii n u l i ll a h
00013_00029,l i ll a * ii n a t a s t a r ii < a E y u n u k u m
00013_00030,* aa l i k u m < a s k E a l a k u m w a < A T h a r
00013_00031,b i b I D AA E a m u s j aa f a < a w f
00013_00032,l aa y u S l I q UU n a k a b i < a b S AA r i h i m
00013_00033,< a ll a * ii y u s t a l a k u m a l f u l k
00013_00033666,< a n ll a * ii y u s t i l a k u m u l f u l k
00013_00034,< ii y aa k a n a E b u d
00013_00035,< i nn a ll a h a g A n ii y a t E a n aa l E aa l a m ii n
00013_00035731,< i nn a ll a h a g A n ii y a E a n aa l E aa l a m ii n
00013_00036,w a < i nn a ll a h a E a l aa k u ll i $ a y < q A d ii r
00013_00037,< a l H a m d u l i ll a h i r a bb a l E aa l a m ii n
00013_00038,w a < i * q AA l a < i b r aa h ii m u r a bb u j E a l h aa * aa l b a l a d a < aa m i n aa
00013_00038552,w a < i * q AA l a < i b r aa h ii m u r a bb u j E a l h aa * aa l b a l a d a < aa m i n aa
00013_00038888,w a < i * q AA l a < i b r aa h ii m u r a bb u j E a l h aa * aa l b a l a d a < aa m i n aa
00013_00039,w a < u w l aa < i k a h u m l m u f l i H ii n
00013_00039267,w a < u l aa < i k a h u m l m u f l i H ii n
00013_00041,w a m aa m u H a mm a d < i ll aa r a s uu l
00013_00041202,w a m aa m u H a mm a d < i ll aa r a s uu l
00013_00043,w a E d a ll a h i l aa y u x l i f u < a ll a h a w a E d a h
00013_00044,f a s a bb a H b i s m i r a bb i k a l E A Z II m
00013_00045,w A q UU d u h aa a nn aa s i w a l H i j aa r a
00013_00046,l i k a y l aa y a k uu n a d uu l a t uu b a y n a l < a g n i y aa < i m i n k u m
00013_00047,< i nn a SS A f h a w a l m a r w a t a m i n $ a E aa < i r u ll a h
00013_00048,< i nn a ll a h a y a f E a l u m aa y u r ii d a
00013_00049,< a ll a z ii n a y u < m i n uu n a b i l g A y b ii
00013_00050,< i h d ii n a SS I r AA T A l m u s t A q II m
00013_00052,< ii y aa k a n a E b u d u w a < i y aa k aa n s t a E ii n
00013_00053,w A S II q A ll a * ii n a tt A q UU r a bb a h u m < i l aa l j a nn a t i z u m u r aa
00013_00054,y a w m a n A T w i ss a m aa < a q A T A i yy a ss i j i ll i l i l k u t u b
00013_00056,w a < i * t a E a n aa l b a y t a m a ^ aa b a l i nn aa s i w a < a m n aa
00013_00057,l aa < a k a l a w m i n f a w I h i w a m i n t a H t i < a r j u l i h i m
00013_00057625,l a < a k a l a w m i n f a w q I h i w a m i n t a H t i < a r j u l i h i m
00013_00058,q AA l aa r a bb a n aa < i nn aa n a x AA f uu < a n y a f r U T A E a l a y n aa
00013_00059,w a l a n t a s t A T II E u < a n t a E d i l u b a y n a nn i s aa < i w a l a w a r A S t u m
00013_00060,w a m a n < a z dd A q U m i n a ll a h i H a d ii ^ aa
00013_00061,S I r AA T A ll a * ii n a < a n E a m t a E a l a y h i m g A y r i l m a g T UU b i E a l a yy a m w a l A ZZ AA ll ii n
00013_00061515,S I r AA T A ll a * ii n a < a n E a m t a E a l a y h i m g A y r i l m a g D UU b i E a l a y h i m w a l a ZZ AA ll ii n
00013_00062,h a m a n < A T U rr a g A y r a b aa g w a l aa E aa d f a l aa < i ^ m a E a l a y h
00013_00063,w A q AA t i l u f ii s a b ii l i ll a h i ll a * ii n a y U q AA t i l uu n a k u m w a l aa t a H t a d uu
00013_00064,w a s m a g A y r aa m u s m a E
00013_00065,w a m aa k aa n a E A T AA < u r a bb i k a m a H * uu r
00013_00066,w a < u x r aa l a m t A q d i r u E a l a y h aa q A d < a H AA T A ll a h a b i h aa
00013_00068,w A t A D a k uu n a w a l aa t a b k uu n
00013_00070,w a j a d a h aa t A T l u E u E a l aa q A w m l a m n a j E a l
00013_00072,w A q t u l uu h u m H a A q A f t u m a h
00013_00074,w a l aa j u n aa E a E a l a y k u m
00013_00075,f AA S f aa E a n h u m w A q U l s a l aa m
00013_00076,w a < a h * ii k a < i l aa r a bb i k a f a t a g $ r
00013_00077,m i n a l < a n b aa < i m aa f ii h i m u s t a j r
00013_00078,w a l aa < A q UU l u l i ll a * ii n a t a z t a r ii < a E y u n u k u m
00013_00079,b a h a l m i n m u tt a k r
00013_00082,q AA l a m a E AA Z A ll a h i < a nn a < x U * a
00013_00083,f a s aa < a m A T A r u l m u n Z A r ii n
00013_00084,w a < i nn ii E u t u b i r a bb i w a r a bb i k u m
00013_00086,w A x r u f aa w a < i n k u ll u * aa l i k
00013_00087,E i n d a h aa r i z q AA q AA l
00013_00088,y a H $ a n aa s a h aa * aa E a * aa b < a l ii m
00013_00088273,y a H $ a nn aa s a h aa * aa E a * aa b < a l ii m
00013_00089,w a H a f a n aa h u m aa b i n a x l w a a E a l n aa b a y n a h u m aa z a r E aa n
00013_00089927,w a H a f a n aa h u m aa b i n a x l w a j a E a l n aa b a y n a h u m aa z a r E aa
00013_00090,w a y a m $ ii f ii l < a s w aa k
00013_00092,< a f a < a m i n u m a k r a ll a h i f a l aa y a < < m a n a m a k r a ll a h i < i ll aa l q A w m w u l x AA S I r
00013_00093,l aa < i k r aa h a f ii dd ii n i q A t a b a yy a n a rr u j t u m i n a l g A y <
00013_00094,w a l i k u ll i j a h a t u h u w a m u w a l i h aa f aa s t a b I q U l x A y r aa t
00013_00095,w a E d a d n aa l i l k aa f i r ii n a E a * aa b aa m u h ii n aa
00013_00096,l i y a z i ll a * ii n a < aa m a n uu w a E m i l u SS AA l i H aa t ii
00013_00097,rr a H m a n
00014_00000,w aa tt A q A ll a h a ll a * ii t a s aa < a l uu n a b i h i w a l < a r H aa m
00014_00000766,w aa tt A qq AA ll a h a ll a * ii t a s aa < a l w a n a b i h i w a l < a r H aa m
00014_00001,< i nn a m aa y a x $ a ll a h a m i n E i b aa d i h u l E u l a m aa
00014_00002,< a nn a ll a E a b a r ii < u m i n a l m u $ r i k ii n a w a r a s uu l h
00014_00003,w a < i * i b t a l aa < i b r aa h ii m r a bb h
00014_00008,< a m t A q UU l uu n a < i nn a < i b r aa h ii m a w a < i s m aa E ii l a w a < i z H AA q A w a y a E q UU b a w a l < A S b aa T A k aa n uu h u d aa < a w n A S AA r aa
00014_00008902,< a m t A q UU l uu n a < i nn aa y i d r aa h i m aa w a < i s m aa E ii l a < a y s a H AA q A w a y a E q UU b a w a l < A S b aa T A k aa n uu h u d aa < a w n A S AA r aa
00014_00009,w a k a * aa l i k a j a E a l n aa k u m < u mm a w a s A T AA
00014_00010,w a l a w b a S A T A ll a h u rr i z q A l i E i m aa d i h
00014_00013,w a < i nn a m i n h u m l a f a r ii q AA y a l uu n a < a l s i n a t a h u m b i l k i t aa b
00014_00013871,w a < i nn a m i n h u m l a f a r ii q AA nn i l uu h uu n a a l s i n aa t a h u m b i l k i t aa b
00014_00014,s a l b a n ii < i s r aa < ii l a k a m t a y n aa h u m m i n < aa y a b a yy ii n a
00014_00015,y a s < a l u k a < a h l u l k i t aa u w a b ii < a n t u n a zz i l E a l a y h i m k i t aa b aa m i n a ss a m aa
00014_0001570,y a s < a l u k a < a h l u l k i t aa w a b ii < a n t u n a z i l E a l a y h u m k i t aa b aa m i n a ss a m aa <
00014_00017,w aa s l uu E a l a y h i m n a b aa < a < i b r aa h ii m
00014_00017161,w aa s l u E a l a y h i m n a b aa < < i b r aa h ii m
00014_00018,w a H ii n a TT A b a E uu n a s i y aa b a k u m m i n Z h aa r a h
00014_00020,t a b a E u h aa rr aa d i f a
00014_000203,t a b a E u h aa rr aa d i f a
00014_00021,f a < ii * aa h u m m i n l < a j z aa d i < i l aa r a bb i h i m y a n s i l uu n
00014_00021800,f a < i * aa h u m m i n a l < a j d aa d i < i l aa E r a bb i h i m y a n s i l uu n
00014_00022,l A q A d k a f a r a ll a * ii n a q AA l u < i nn a ll a h a s aa l i s a l aa ^ a
00014_00023,q AA l a k a m l a b i t u m f ii l < a r D I E a d a d a s i n ii n
00014_00023437,q AA l a k a m l a b i t m f ii l < a r d i E a d a d a s i n ii n
00014_00024,^ u mm a $ t a b aa h u r a bb u h u f a t aa b a E a l a y h
00014_00027,f a h y aa < i l aa l < a f q AA n i f a h u m m U k m u H uu n
00014_00028,w A Z A ll a l n aa h aa l a h u m f a m i n h aa r u k uu b u h u m
00014_00028887,w A Z A l a n aa h a l a h u m f a m i n h aa r a k uu b u h u m
00014_00029,l i ll a * ii n a t a s t a r ii < a E y u n u k u m
00014_00030,* aa l i k u m < a s k aa l a k u m w a < A T h a r
00014_00031,b i b I D AA E a m u s j aa f a < a w f
00014_00035,< i nn a ll a h a g A n ii y a E a n i l E aa l a m ii n
00014_0003539,< i nn a ll a h a g A n ii y a E a n i l E aa l a m ii n
00014_00035441,< i nn a ll a h a g A n ii y aa E a n l E aa l a m ii n
00014_00037,f aa l H a m d u l i ll a h i r a bb a l E aa l a m ii n
00014_00038,w a y a * q AA l a < i b r aa h i m u r a bb u j E a l h aa * aa l b a l a d a < aa m i n aa
00014_00038663,w a < i * q AA l a < i b r aa h i m u r a bb u j E a l h aa * aa l b a l a d a E aa m i n aa
00014_00039,w a < u w l aa < i k a h u m w u l m u f l i H uu w a y n
00014_00039631,w a < u l aa < i k a h u m l m u f l i H ii n
00014_00040,* aa l i k a l k i t aa b u l aa r a y b a f ii h
00014_00040775,* aa l i k a l k i t aa b u l E a r a y b u f ii h
00014_00040787,* aa l i k a l k i t aa b u l aa r a y b u f ii h
00014_00041,w a m aa m u H a mm a d < i ll aa r a s uu l
00014_00045,w A q UU d u h aa nn aa s i w a l H i j aa r a
00014_00046,l i k a y l aa y a k uu n a d uu u l a t u f a y n a l < a g n i E a < ii m i n k u m
00014_00050,< i h d ii n a zz I r aa T A l m u s t A q II m
00014_00051,q AA l a l aa t a x AA f a < i nn a n ii m a E k u m aa a s m a E u < a r aa
00014_00054,w a < i nn aa l a n a H n u n u H ii w a n u m i y t u n a H n u l w aa r i z uu n
00014_00054423,y a w m a n A T U y a ss a m aa < a q A T A yy i s i j i ll i l i l k i t aa b
00014_00055,w a < a E r I D E a n j aa h i l ii n
00014_00056,w a < i * j a E a nn a l b a y t a m a ^ aa b a a l i nn aa s i w a < a m n aa
00014_00057,l a < a k a l uu w m m i n f a w q I h i m w a m i n t a H t i < a r j u l i h i m
00014_00057521,l aa < a k a l u w a m i < n f a w q I h i m w a m i n t a H t i < a r d uu l i h i m
00014_00059,w a l a n t a s t A T II E u < a n t a E d ii l u b a y n a nn i s aa < i w a l a w H a r a s t u m
00014_00059245,w a l a n t a s t A T II E u < a n t a E d i l u b a y n a nn i s aa < i w a l a w H a r a s t u m
00014_00060,w a m a n < a z d A q U m i n a ll a h i H a d ii s aa
00014_00060583,w a m a n < A z d A q U m i n a ll a h i H a d ii y s aa
00014_00061,s i r AA q A ll a * ii n a E a n a E a m t a E l a y h i m g A y r a l m a E d uu b i E a l a y h i m w a l A D f aa l ii m
00014_00061433,s i r AA T A ll a * ii n a < a n E a m t a E a l a y y h i m g A y r a l m a g d uu b i E a l a y h i m w a l a f aa a ll ii m
00014_00061761,S I r AA T A ll a * ii n a < a m < a m t a E a l a y h i m g A y r i l m a g D UU b i E a l a y h i m w a l a f aa ll ii n
00014_00062,f a m a n t u rr a g A y r a b AA q w a l aa E aa d f a l aa < i s m a E a l ii h
00014_00063,w A q AA t ii l uu f ii s a b ii l i ll a h i ll a * ii n a y U q AA t i l uu n a k u m w a l aa t a H t a d
00014_00063994,w A q AA t i l uu f ii s a b ii l i ll a h i ll a * ii n a y U q AA t i l uu n a k u m w a l aa t a H d a d uu
00014_00064,w a s m a E g A y r a m u s m a E
00014_00067,< i nn a m aa n a H n u f ii s n a f a l aa t a k f u r
00014_00067682,< i nn a m aa n a H n u f ii s n a m f a l aa t a k f u r
00014_00070,w a j a d a h aa T A T A l E u E a l aa q A w m l a m n a j E a l
00014_0007012,w a j a d a h aa T A < T A l h u E a l aa q A w m l a m n a j E a l
00014_00071,w a m ii $ a rr nn a ff aa f a E t i f ii l E U q A d
00014_00073,f a w a ll ii w a $ H a k a a T r aa l m a s t i d i l H a r aa m
00014_00074,w a l aa j u n aa E a l a y k u m
00014_00076,w a < aa d ii k a < i l aa r a bb i k a f a t A g $ i E
00014_00077,m i n a l < a n b aa < i m aa f ii h i m u s t a j a r
00014_00077875,m i n a l < a n b aa < i m aa f ii h i m u s t a j a r
00014_00078,w a l aa < A q UU l u ll a * ii n a t a z t a r ii < a E y a n a k u m
00014_00079,f a h a l m i n m u tt a k r
00014_00080,w a w a E a E a nn aa m uu s a ^ a l aa ^ ii n a l a y l aa
00014_00080167,w a w aa a E a nn aa m uu s aa s a l aa t ii n a l a y l aa h
00014_00082,q AA l a m a E aa D A ll a h i < a nn a < x U * aa
00014_00082531,q AA l a m a h aa * aa ll a h i < a nn a < x U * aa <
00014_00084,w a < i nn ii E u z t b i r a bb ii w a r a bb i k u m
00014_00084108,w a < i nn ii E u t u b i r a bb i w a r a bb i k u m
00014_00085,m aa y u H aa < i l a y a m i n r a bb
00014_00086,w x U r f aa w a < i nn a k u ll a * aa l i k
00014_00087,E i n d a h aa r i s q AA q AA l
00014_00088,y a H $ a nn aa s a h aa * aa E a * aa b < a n ii m
00014_00089,w a H a f a f n aa h u m aa b i n a x l w a j a E a nn aa b a y n a h u m aa z a r E aa
00014_00090,w a y a m $ ii f ii l < a w k i
00014_00090195,w a y a m s ii f ii l < a s w aa k
00014_00092,f a < aa m a n uu m a k r aa ll a h i f a l aa y i < a m a n uu m a k r a ll a h i < i ll aa l q A w m u l x AA S I r uu n
00014_00092243,< a f a < a m i n uu m a k r aa ll a h i f a l aa y a < a m a n uu m a k r a ll a h i < i ll aa l q A w m u l x AA S I r uu n
00014_00093,l aa < i k r aa h aa f ii dd ii n i q A d t a b a yy a n a rr u j d u m i n a l g A y
00014_00094,w a l i k u ll i m u $ h a h u w a m w a ll ii h aa f aa s t a b q U l x A y r aa t
00014_00095,w aa E a d a d n aa l i l k aa f i r ii n a E a * aa b aa m u h ii n aa
00014_00095780,w a < a E d a t n aa l i l k aa f i r ii n a E a * aa b aa m u h ii n
00014_00096,l i y a zz i a ll a * ii n a < aa m a n uu m u E a m i l u SS AA l i H aa t
00014_00097,< a l rr a H m aa n
00015_00000,w aa tt A q U ll a h a ll a * ii t a s aa < a l uu n a b i h i w a l < a r H aa m
00015_00001,< i nn a m aa y a x $ a ll a H a m ii < i b aa t u x y < a l a m aa
00015_00003,w a < i * aa tt a l aa < i b r aa h ii m a r a bb u h
00015_00003361,w a < i * i tt a l aa < i b r aa H ii m u r A bb h
00015_00003505,w a < i * i tt a r aa < i b r r aa H i m m u r a bb
00015_00003646,w a < i * tt a l aa < i b r aa h ii m a r a
00015_00006,w a l y a s t a E ii ll a * ii n a l aa y a j a d uu n a n i k aa H aa
00015_00006970,q a l i y a s t a E i ll a b ii n a l aa n a j i t u m m i k aa H
00015_00006987,w a l y a s t a E ii ll a h ii n a n aa y a E j a d uu n a m i k H aa
00015_00008,< a m t A q UU l uu n a < i nn a < i b r aa h i m a w a i s m aa E ii l a w a < i z H AA q AA w y a E q UU b a w a l < A s b AA T A k aa n u h u d aa < a n a S AA r aa
00015_00008361,< a n t A q UU l uu n a < i nn a < i b r a h ii m w a y i s m aa r ii d a w a < i z H AA q AA w a y aa q UU T a w a l < A S b aa f a k aa n u h uu t a < a E u m n A S AA r aa
00015_00010,w a l a w w A S A d a ll a h u rr i z q A l i E i b aa E d i h
00015_00010706,w a l a b A S l A T l aa ll a h u rr i s q A d H i * aa t
00015_00013,w a < i nn a m i n h u m l a f a r ii q A n y a l uu w uu n a < a l s i n a t u h u m b i l k i t aa b
00015_00014,s a l b a n ii < i S r a < ii r a k a m H a y n aa h u m i < aa y a t b a y l ii n a t
00015_00015,y a s < a l u k a < aa l aa l k u t uu u b i < a n t u n a s i l a E a l a y h i k i t aa b aa m i n a ss a m aa
00015_00015246,y a s < a l u k a < a h l u l k u t uu h b i < a n f u n a zz i l a E a l a y h i m k i t aa b a m i n a ss a m aa
00015_00016,l A q A d k aa n a f ii y u h u s u f a w a < i x w a t i h i < aa y aa t u l i ss aa < i l ii
00015_00016591,l A q A d k aa n a f ii y u s U f w a < i x w a t i h i < a y aa t u ll i ss aa < i l ii
00015_00017,w aa S I E a l i h i m n a b a E < i b r aa H ii m
00015_00017413,w aa s s u E a l a y h i m n a b aa < i b r aa h ii m
00015_00017619,w aa s l u E a l a y h i m n a b a < a < i b r aa r aa H ii m
00015_00018,w a H ii n a m T A w a E uu n a k i y aa b a k u m m i n a f a h ii r a
00015_00019,T a w a n a < a n y u < l y u l aa q
00015_00020,* a f a h aa rr u r a t i f a h
00015_00021,f a < i * aa h a h u m m i n a m < a j d aa d i < i l aa r a bb i h i m y a n s i l uu
00015_00023,q AA l a k a m l a b i m f ii l < a r D i E a d a d a s ii m ii n
00015_00024,^ u mm aa $ t a b aa E h u r u bb u h u f a t aa b a E a l
00015_00025,w a y a k uu n u k ii n u r ii ll a h
00015_00025806,y a k uu r u tt a y l uu l ii ll a h
00015_00029,l i ll a * ii n a t a s t a r ii < a E y u n a k
00015_00029876,< h i ll a * ii n a t a s t aa r ii < a E y uu n u k uu m
00015_00031,b ii b i D AA E a m u s j aa f a < a w f
00015_00031171,f a b I T AA E a t ii m u s t aa E t m u t h aa < a w f
00015_00033,< a ll a * ii y u s t ii l a k u m u l f u l k
00015_00033202,< a ll a * ii y u s t ii l a k u m u l f u l k
00015_00033335,< a ll a t l u f t i l u k u n l f u l k
00015_00034,< ii y a k a n a E b a d
00015_00037,< a l H a m d u l i ll a h i r a bb a l E aa n a m ii
00015_00037220,< a l H a m d u l i ll a h i r a bb aa E aa l a m
00015_00037303,k a l H a d u l i y aa < ii r a w bb I l H aa d aa
00015_00037771,< a l H a m t u l i ll a h i r a bb a l E aa n a m ii
00015_00038,w a < i q AA l a < i b r aa H ii m u r a bb u j E a l h aa * aa l b a l a t a < aa m i n
00015_00041,w a m aa m u H a mm a d < i ll aa r u s uu n
00015_00041436,w a m aa m u H a mm a d < i ll aa r a s uu l
00015_00041970,w a m aa m u H a mm a d u < i ll aa r a s uu l
00015_00042,w a k a * aa l i k a j a E a l n aa k u m < u mm a w A S A T
00015_00043,w a E a d a ll a h i l aa y u x l i f u ll a h a w a E j
00015_00044,f a s a bb i H b i s m i r a bb i k a l E A D II n
00015_00046,< i k a y l aa y a k uu n aa d uu l a t u b a y n a l < a b n i y aa < i m i k
00015_00049,k aa ll a s ii n a nn uu n a b i l g A y t
00015_00050,< a h i * ii n a SS II r aa b aa m u s t A q II n
00015_00052,y aa k aa n a E f u t u h u w a < i y a k aa n s t a E
00015_00053,w a s ii q AA ll a * ii n a tt A q A r u bb u h u m < i l aa l j a nn a t i z u m r aa
00015_00053605,w s ii q AA ll a * ii n a tt A q A w r a bb a h u m < i l aa j a nn a t h i z u r aa
00015_00057,l a < a k l u m i n f A w q II y i w a m i n t a H t i < a r j u l i h i m
00015_00057654,l a < a k r uu m i n f q I h i w a m n t a H t i < a r t u l i
00015_00060,w a m a n < a z d A q UU m i n a ll a H i H a d ii ^ a
00015_00060884,w a m a n < a z d A q uu m i n ll a E i H a d ii ^ aa
00015_00062,f a m a n T U rr a g A y r a b aa g I w a l aa E aa t f a l aa < i ^ m a E a l ii
00015_00062580,s a m n a tt u rr a g A y r a b aa q I l w a l aa E aa t i w u f a l aa < i ^ m a E a l ii y
00015_0006294,s a m a l TT U rr a g A y r a b aa h u w a l aa E aa t i f a l aa < i < m a E a l i
00015_00066,w a < a x r aa l a m t A D I r u E a l a y h aa q A d < a H aa Z aa ll a h u b i h aa
00015_0006621,w a < u x r aa l a m T A q d i r u E a l a y h aa q A d < a H aa Z ll a h u b i h aa
00015_00066542,r aa l a m t A d i r u E a l a y h aa q A d < a H r A T ll a h u < i h aa
00015_00067,< i ll a m aa n a H n u f i s n a t u m n f a l aa t a k f aa r
00015_00068,w AA T A T H a k uu n a w a l aa t a b k u m
00015_00069,l a w l a < a n ^ a bb a t n aa k a l A q A t k u tt a r u k n u < i l a y h i m $ a y < aa m q A l ii l a
00015_00070,w a j a d a h aa T A T l u E u E a l aa q A w m i l a m n a j E l
00015_00073,f a w l i w a $ h a k a $ A T r aa m a s j i d i l H a r aa
00015_00073469,f a w a l i w a $ h a k a $ A T r aa l m a s t i d i r H a r aa m
00015_00075,f A S f < a n h u m U q U l s a l aa m
00015_00075404,f AA S f a E a m h u w A q U l s a l aa m
00015_00076,w a < a E d i y a k a < i l aa r a bb i k a f a t a < A $
00015_0007691,w a < a H d i y a k a < i l aa r u bb i k a f a t a r $ i r
00015_00077,m i n a l < a m b aa < i m aa f ii h i m u s t a $ h u r
00015_00077261,m i n a l < a n b aa < i m aa f ii h i m u s t a j a b
00015_00077558,m i y a l < a m b aa < i m aa f ii h i m u s t a j a r
00015_00077573,< i n a l < a m b aa E < i m aa f ii h i m u s t a j a r
00015_00077607,m i n a n < a n b aa < ii y m aa f ii h i m u s t a t a
00015_00080,w a w a E a l aa m u s aa f a l aa k a ii m a n a r aa
00015_00081,f A D AA q A t w a b aa l a < a m r i h aa
00015_00081608,f A q A t w a b aa l a < a m r i h aa
00015_00082,q AA l a m a H aa Z aa ll a h i < a nn a < x U d
00015_00082591,q AA l a m a H a b a ll a h i < a nn a < x U d aa
00015_00083,< a q aa tt A q UU ll a h a ll a * ii t a s aa < a l uu n a b i h i w a l < a r H aa m aa
00015_00084,< i m ii < u t uu b i r a bb i y u r u bb u k u m
00015_00085,aa a y u H aa < i l a y a m a d r aa
00015_00088,y a H $ a ii ll a s a h aa * a E a * a h a b u n < a n ii
00015_00089,w a H a f n aa h u m aa b i n a x l w a j a E a n aa b a y n a h u m aa z a r
00015_00091,f a w ll i w a $ a k a $ A T AA l m a s ss i d i l H a r aa m
00015_00091360,f a w a ll i w a j h a k a $ A T r u l m a s z i d i l H a r aa
00015_00093,l E a < k r u h aa f ii dd i q A t a b a yy a n u rr uu j t u m i n l g A y
00015_00095,w a < a E t a t n aa l i l k aa f i r ii n a E a b aa b aa m u h ii n aa
00015_00095766,w a < a E t a t n aa l i l k aa f i r ii n E a * aa b i l m u h ii n a
00015_00096,l ii y a ss i y a ll a * ii n a < aa m a n uu w a E a m i r uu SS AA l i H aa
00016_00000,w aa tt A q UU ll a h a ll a * ii t a s < a l uu n a b i h i l < a r H aa m
00016_00002,< i nn a ll a h a b a r ii < m i n a l m u $$ u k ii n a w a r u s uu l i h
00016_00003,w a < i * a b t a l aa < i b r a h ii m u r a bb h
00016_00003990,w a < i * a b t l aa < i b r aa E ii m u r a bb u h
00016_00004,m aa n uu S U x UU m a n < aa y aa
00016_00005,y u H $ ii k u m m u E aa s aa < aa m i n a t m i n h u n
00016_00006,w a l y a s t i E a ll a * ii n a l aa y a j u d uu n a n i k aa H a
00016_00006522,w a l y a s t a E a l a d n ii n a l aa u j i d uu n a n i k aa H a
00016_00007,< a l ll a h u ll a * ii x A l A q A k u m i n b U H f l
00016_00007929,< a l ll a h u ll a * ii x l A k a k u m m i n D UU E f
00016_00008,< a m T I q UU l uu n a < i nn a < i b r a h ii m a w a < a s m a E ii l a w a < i z H AA q A w a y A q UU w a < A S b aa T A k aa l u b uu d aa < a w n a S AA r aa
00016_00011,w a < A rr u n a d aa m aa l a mm aa r a < u l E a * aa b
00016_00013,w a < i nn a m i n h u m l a f a r ii q AA n i l a < a l s i n a t u m b a l k i t aa b ii
00016_00015,y a s < aa l u k a < a h l a l k u t u b ii < a n d u n a s i n l a y h u m k i t aa b aa m i n a ss a m aa <
00016_00016,l A q A d k aa n a f ii m E uu s i f a w a < a x w a t i < aa y aa t l i ss aa < i n ii n
00016_0001647,l A q A t k aa n a f y S i f a w a < x t i < aa y aa t u m m i ss aa < i l ii n
00016_00018,w a H ii n a < a l t A D A E uu n a ^ i r a b a k u m m i n a ZZ A h ii r a
00016_00018235,w a H ii n a h TT AA b a E uu n a ^ i y aa b a k u m m i n a TT A h ii r a
00016_00020,t a b h a r aa d i f a
00016_00020545,t a b a E H u rr aa t i f a
00016_00021,f a < i * aa h u mm a n a l < a j d aa d i < i l aa r a bb i h u m y a n s a r uu n
00016_00022,l A q A d k a f a r a ll a * ii n a q AA l uu < i nn a ll a ^ aa ^ a l aa ^ a t ii
00016_00024,^ u mm a $ t a b aa h u r a bb u h u f a t aa b aa E a l a y h
00016_00024206,^ u mm a $ t a b a h u r a bb u h u f a t aa b a E a l a y
00016_00027,f a h a l < i l aa l < A q AA n i f a h u m m U T H i m uu n
00016_00027586,f a h i y a < i l aa l < A * q AA n i f a m U q m a H uu n
00016_00027931,f a h ii < i l aa l < a b q AA y i f a w m m U q m a H uu n
00016_00028,w A Z A ll a l n aa E a f a m i n h aa r u k UU b u h
00016_00029,l i ll a * ii n a t a s d a r ii < a E y u n u k u m
00016_00029256,l i ll a * ii n a t a s t a r ii < a E y uu n a k u m
00016_00029650,l i ll a * ii n a t a s t a r ii < a E y u n a k u m
00016_00033,< a ll a * ii y u s j ii l a k u m u l f u l k
00016_00034,< i y a k a n aa b u j
00016_00034343,< ii y a k a n a E b u t
00016_00034403,f i y AA q I n a E j u j uu
00016_00036,w a < i nn a ll a h u E a l aa k u nn i $ aa < q A d ii r
00016_00036989,w a < i nn a ll a h a E a l aa k u ll u $ a y < q A d ii r h
00016_00037,< a l H a m d u l i ll a h i r a bb a l E aa l a m ii
00016_00037636,w a l H a m d u l i ll a h i r a bb a a l E aa l a m ii
00016_00038,w a < i * q AA l a < i b r aa h ii m u r a bb u < u j aa l h aa * aa l b a l a t i E aa m i n aa
00016_00038972,w a < i * q AA l a < i b r aa h ii m u r a bb u < u j a E a l h aa * aa l f a l a t a E aa m i n l
00016_00040,* aa l i k a l k i t aa b u n aa r a y b u f ii h
00016_00041,w a m a m u H a mm a t u < a j l aa r u s uu n
00016_00041411,w a m aa m u H a mm a d u < i ll aa r a s uu l ii
00016_00042,w a k a * aa l i k a j a E a l n aa k u m u w A S A T
00016_00042534,w a k a * aa l i k a j a E a l n aa k u m m a t aa w a S A T
00016_00043,w a h a d a ll a h u l aa y a x l I f u ll a h a w a E d a
00016_00043541,w a E d a ll a h i l aa y u x r i f u ll a h a w a E d a h u
00016_00044,f a s a bb a H b i s m a r a bb i k a l E A Z II m
00016_00045,w A q UU d u h aa nn aa s i w a l H u j aa r a
00016_00047,< i nn a SS A f a w a l w a r u E a m a n $ aa E < i r u ll a h
00016_00047769,< i nn a SS A f a w a l m a r u m u n $ aa E < i r u ll a h
00016_00052,< a y aa k a n a E u d u E u < a yy aa k a n i s t i n ii n
00016_00054,y a w a m a n u t w i ss a m aa q A t I y a ss I j l i l i l k A t u b
00016_00054340,y a w m a n a t w ii ss a m aa E a t q A T I y a SS I j r i l q U t u b
00016_00055,w a E r A D E a n jj aa h i l l
00016_000557,w aa E a r I D E a n l jj aa h i n ii d
00016_00056,w a < i b j a E a nn a l b a y t a m a * aa b a t l i l n aa s i w < aa m i n aa
00016_00057,l aa < a k a l u m i n f a w q I h i w a m i n t a H t i < a r j u l u h i m
00016_00059,w a l a n t a s t A T II E u < a n t a E d ii l u b a y i n a nn i s aa E i w a l a H a r a s t u m
00016_00060,w a w m i n < a z d A q UU m i n a ll a h i H a d ii ^ aa
00016_00060426,w a m i n < A z d A q UU m i n a ll a h i H a d ii ^ a
00016_00060500,m a n < a z d A q UU m i n a ll a h i H a d ii ^ a
00016_00063,w A q AA t u l u f ii s a m ii l i ll a h i ll a * ii n a y A q AA t u r uu n a k u m w a l aa t a H t a d uu n
00016_00064,w a < a s m a g A y r a m u s m a E
00016_00065,w a m a k aa n a E A T AA < u r a bb i k m a H * a w r aa
00016_00066,w a < u f r aa l a m t A q d i r uu E a l a y h aa q A d < a H AA T A ll a h u b i h aa
00016_00067,< i nn a m aa n a H n uu f ii s a n a t f u r a t a k f a r
00016_00068,w A T A b H a k uu n a w a l aa t u k uu n
00016_00070,w a j a d h aa t A T l a E u E a l A q A m a n l a m n a j E l
00016_00071,< a m a n $ a rr nn a ff aa f aa t i f ii l E A q A d
00016_00071530,w a m i n $ a rr i nn a ff aa f a E a t i f ii l E U q A d
00016_00072,f A q t u l uu h u l H a y ^ a q A f t u m uu h u m
00016_00073,f a w a ll i w a a k E a $$ a T r a l m a s j i t i l H a r a m
00016_00073881,f a w a ll ii w a $ H a k a $ A T r aa m a s j i t i l H a r aa m
00016_00075,f AA S f a E a n h u m w A q r s a l aa E uu n
00016_00075491,f aa S f a E a n h u b U q U l S a l aa m
00016_00076,w a < a h d ii k < i l aa r a bb i k a f a t a g $ aa E
00016_00077,m i n l < a l b aa < i m aa f i y m u s t a j a r
00016_00078,w a l aa < A q UU l u l i ll a * ii n a t a s t a r ii < a E uu n a k u m
00016_00079,f a h a l m u m u t k i r
00016_00080,w a h u w a E a nn a m uu s aa ^ a l aa ^ ii n a l a y l a
00016_00080607,w a w a E a nn a m uu s aa ^ a r aa ^ ii n a l a y l a
00016_00081,f A D AA q A t w a b aa l a E a m r i h aa
00016_00083,f a s aa < a m A t r u m a n a b a r ii <
00016_00084,w a < i nn ii E a t r b i r A bb i w a r a bb u k u m
00016_00086,w a t u x r u f a n uu < a n k u ll a l aa l i k
00016_00088,y a H $ a nn aa s a h aa * aa E a * aa b < a l ii m
00016_00088658,y a H $ a l n aa s a h aa * aa E a d aa b < a l ii l
00016_00089,w a H a f n aa h u m aa b i n a x w a j a E a nn aa b a y n a h u m z a r E aa
00016_00090,w a y a m $ ii f i l < a s w aa k
00016_00091,f a w a ll i w a $ a k a $ A T r aa l m a s ss i t i l H a r aa m
00016_00091599,f u w a ll i w a $ a k a $ A T r a l m a ss i d i l H a r aa m
00016_00092,< a f a < a m i n uu m a k r a ll a h i f a l a E a y a < < m i n u m u k r a ll a h i < i ll aa l q A w m u x AA S I r uu n
00016_00093,l aa < k r aa h a f ii dd ii n i q A tt a b a yy a n a rr u f t u m i n l g A y
00016_00093799,l aa < i k r aa h a f ii dd ii n i q A t a b a y n a r a j t m i n a l g A y
00016_00094,w a l i k u ll i j a E t u l h u m u w a ll i h aa f aa s t a bb u l x A y r aa t
00016_00096,l ii z i ll a * ii n a < aa m a n uu w a E a m a l uu SS AA l i H aa t ii
00016_00097,< a l rr A H m aa n
00017_00001,< i nn a m aa y a x $ a ll a h u m i n E i b aa d i h u l E l a m aa <
00017_00002,< a nn a ll a h a b a r ii < m i n a l m u $ r i k ii n a w a r a s uu l i h
00017_00002459,< a nn a ll a h a b a r ii < m i n a l m u $ r i k ii n a w a r a s uu l i h
00017_00003,w a < i * b t a l aa < i b r aa h ii m u r a bb u h
00017_0000322,w a < i * tt a l aa < i b r aa h ii m u r a bb u h
00017_00004,m aa n a n s a x u m i n < aa y a
00017_00005,y u x $ ii k u m u n E aa s a < a m a n a t m i n h
00017_00005850,y u x $ ii k u m n u E aa s a < a m a n a m i n h
00017_00006,w a l y a s t a E f aa ll a * ii n a l aa y a j i d uu n a n i k aa H aa
00017_00008,h a m t A q UU l uu n a < i nn a < i b r aa h ii m a w a < i s m aa E ii l a w a < i z H AA q A w a y a E q UU b a w a l < A S b AA T k aa n uu h uu d aa < a w n a S AA r
00017_00008724,< a m t A q UU l uu n a < i nn a < i b r aa h ii m a w a < i s m aa E ii l a w a < i z H AA q A w a y a E A q UU b a w a l < A S b AA T k aa n uu h uu d aa a h u n A S AA r aa <
00017_00012,h a l < a d u ll u k a E a l aa j a j r a t i l x U l d
00017_00014,s a l b a n ii < i s r aa < ii l a k a m < a t a y n aa h u m m i n < aa y a b a n a
00017_00015,y a s < a l u k a < a h l u l k i t a w b i < a n t u n a zz i l a E a l a y h i m k i t aa b aa m i n a ss a m aa <
00017_00015780,y a s < a l u k a < a h l a l k i t a w b i < a n t u n a zz i l a E a l a y h i m k i t aa b aa m i n a ss a m aa
00017_00017,w aa s l u E a l a y h i m n a b a < a < i b r aa h ii m
00017_00017294,w aa s l u E a l a y h i m n a b < a < i b r aa h ii m
00017_00018,w a H ii n a t A D A E uu n a ^ i y aa b a k u m m i n a ZZ A h ii r a
00017_00018115,w a H ii y n a t A T A E uu n a ^ i y aa b a k u m m i n a ZZ A h ii r a
00017_00019,< a f T A T m a E uu n a < a n y u < m i n uu l a k u m
00017_00020,t a b a E u h aa r aa d i f a
00017_00020345,t a b a E u u h aa rr aa d i f a
00017_00020693,t a b a E u h u rr aa d i f a
00017_00021,f a < i * aa h u m m i n a l < a j d aa * i < i l aa r a bb i h i m y a n s i l uu n
00017_00022,l A q A t k a f a r a ll a * ii n a q AA l uu < i nn a ll a h a ^ aa l ii ^ a l aa ^ a
00017_00022628,l A q A t k a f a r a ll a * ii n a q AA l uu < i nn a ll a h a ^ aa l i ^ a l aa ^ a
00017_00023,q AA l a k a m l a b i t u m f ii l < a r D I E a d a d aa s i n ii n
00017_00024,^ u mm a $ t a b aa h u r a bb u h u f a t aa b a E a l a y y
00017_00025,w a y a k uu n a tt ii n u l i ll a
00017_00025395,w a y a k uu n a tt ii n u l i ll a
00017_00026,* aa l i k a < a nn aa < a ll aa t a E uu l
00017_00026370,* a l i k a < a nn a < a n ll aa t a E uu l
00017_00027,f a h i y a < i l aa l < A D q AA n i f a h u m m U q m a H uu n
00017_00027146,f a h i y a < i l aa l < A D q AA n i f a h u m m U q m a H uu n
00017_00028,w A Z A ll a l n aa h a l a h u m f a m i n h aa r a k uu b u h u m
00017_00028193,w A Z A ll a l n aa h a l a h u m f a m i n h aa r a k uu b u h m
00017_00030,* aa l i k u m < a s k l a k u m w a < A T h a r
00017_00031,b i b I D AA E a m u s j aa t f a < a w f
00017_00031896,b i b I T AA g E a t m u s j aa t f a < a w f
00017_00032,l a y u s l I q UU n a k b i < a b S AA r i h i m
00017_00034,< ii y a k aa n a E b u d
00017_00036,w a < i nn a ll a h a E a l aa k u ll i $ a y < aa q A d ii r
00017_00037,< a l H a m d u l i ll a h i r a bb a l E aa l a m ii n
00017_00040,* aa l i k a l k i t aa b u l aa r a y b u f ii
00017_00040559,* aa l i k a l k i t aa b u l aa r a y b u r f y
00017_00040955,* aa l i k a l k i t aa b u l aa r a y b u f h
00017_00043,w a E d aa ll a h i l aa y a x l i f u ll a h a w a E d a h
00017_00043296,w a E d a ll a h i l a y a x l i f u l ll a h a w a E d
00017_00045,w A q UU d u h aa nn aa s i w a l H i j aa r a
00017_00045351,w A q UU d u h aa nn aa s i w a l H i j aa r a
00017_00046,l i k a y l aa y a k uu n a d uu l a u b a y n a l < a g n i y aa < i m i n k u m
00017_00047,< i nn a SS A f aa w a l m a r w a t a m i n $ i E aa < i r u ll a h
00017_00048,< i nn a ll a h a y a f E a l u m aa y u r ii d a
00017_00050,< a h d ii n a zz I r AA T AA l m u s t A q II n
00017_00050240,< a h d ii n a SS I r aa T A l m u s t A q II m
00017_00050578,< a h d ii n a SS I r AA T A l m u s t A q II m
00017_00050997,< a h d ii n a SS I r AA T A m u s t A q II n
00017_00052,< i y a k a n a E b u d u w a < i y aa k a n i s t a E ii n
00017_00052920,< i y a k a n a E b u d u w a < a yy aa k a n a s t a E ii n
00017_00054,y a w m a n A T U w ii ss a m aa < a q A T A yy i ss i j i l i l i l k u t u b
00017_00055,w a < a E r A D E a < a j aa h i l ii n
00017_00055237,w a < aa E r I D E a n < a j aa h i l ii n
00017_00056,w a < i * j a E a nn aa l b a y t a m a * aa b a l i nn aa s i w a < a m n aa
00017_00058,q AA l aa r a b a n aa < i n aa n a x AA f u < a n y a f u r U T A E a l a y n aa
00017_00059,w a l a n t a s t A T II E u < a n t a E d ii l uu b a y n a nn i s aa < i w a l a w a r a s t u m
00017_00060,w a m a n < a z d A q U m i n a ll a h i H a d ii ^ a
00017_00060352,w a m a n < a z d A q U m i n a ll a h i H a d ii ^ a
00017_00061,S I r AA T A ll a * ii n a < a n E a m t a E a l a y h i m g A y r i l m A g D UU b i E a l a y h i m w a l aa b aa ll ii n
00017_00061366,S I r AA T A ll a * ii n a < a n E a m t a E a l a y h i m g A y r i l m a g D uu b i E a l a y h i m w a l aa ZZ AA l ii n
00017_0006169,S I r AA T A ll a * ii n a < a n E a m t a E a l a y h i m g A y r i l m A Z D UU b i E a l a y h i m w a l A ZZ AA l ii n
00017_00062,f a m a n i T U rr a g A y r a b aa g w a l aa E aa d f a l aa < i f a m a E a l a y h
00017_00063,w A q AA t i l uu f ii s a b i l i ll a h i ll a * ii n a y U q AA t i l uu n a k u m w a l aa t a H t a dd uu
00017_00065,w a m aa k aa n a E A T AA < u r a bb i k a m a H * uu r aa
00017_00068,w A T A D H a k uu n a w a l aa t a b k uu n
00017_00068618,w a t A T H a k uu n a w a l aa t a b k uu n
00017_00070,w a j a d a h aa t A TT A l E u E a l aa q A w m l a m n a j E a l
00017_00070309,w a j a d a h aa T A TT A l u E u E a l aa q A w m l a m n a j E a l
00017_00070548,w a j a d a h aa T A TT A l i E a l aa q A w m l a m n a j E a l
00017_00072,w A q t u l uu h u m H a y ^ a q I f t u m uu h
00017_00073,f a w a ll i w a $ h a k a $ A T A r a l m a s t i d i l H r aa m
00017_00077,m i n a l < a n b aa < i m aa f ii h i m u z t a j a r
00017_00078,w a l aa < A q UU l u l i ll a * ii n a t a r t aa r ii < a E y uu n u k u m
00017_00079,f a h a l m i n m u tt a k r
00017_00079395,f a h a l m i n m u tt a k r
00017_00081,f A D AA q A t w a b aa l a < a m r i h aa
00017_00083,f a s aa < a m A T A r u l m u n Z A r ii n
00017_00085,m aa y u H aa < i l a y a m aa rr a rr a bb
00017_00086,w A D x r u f aa w a < i n k u ll u * aa l i k
00017_00086957,w A D x r u f aa w a < i n k u ll u * aa l i k
00017_00089,w a H a f a n aa h u m aa b i n a x l w a j a E a l n aa b a y n a h u m aa z a r E aa <
00017_00090,w a y a m $ ii f ii l < a s w aa k
00017_00091,f a w a ll i w a j h a k a $ A T r a l m a s z i d i l H a r aa m
00017_00091564,f a w a ll i w a j h a k a $ A T r u l m a s t i d i l H a r aa m
00017_00091720,f a w a ll i w a j h a k a $ A T A r aa l m a s t ii d i l H a r aa m
00017_00092,< a f a < a m i n uu m a k r a ll a h i f a l aa y a < m a n uu m a k r u ll a h i < i ll aa l q A w m u l x AA S I r uu n
00017_00093,l aa < i k r aa h a f ii dd ii n i q A tt a b a y a n a rr u j d u m i n a l g A y
00017_00094,w a l i k u ll j i h a t h u w a m u w a ll ii h aa f aa s t a b I q U l x A y r aa t
00017_00095,w a < a E d a d n aa l i l k aa f i r ii n a E a * aa b aa m u h ii n aa
