ID,Labels
00000_00001,< i nn a m aa y a x $ a ll a h u m i n E i b aa d u h u l E u l a m aa
00000_00002,< a nn a ll a h a b a r ii < u mm i n a l m u $ r i k ii n a w a r a s uu l u h ii
00000_00003,w a < i * i b t a l aa E i b r aa h ii m u r a bb u h
00000_00004,m aa n a n s a x U m i n < aa y a t i
00000_00004439,m a n a n s a x U m < aa y a
00000_00005,y u x A $$ ii k u m u n u E aa s < a m a n a m i n h
00000_00005837,y u x $ ii k u m u n u E aa s u E a m a n a t m m i n h
00000_00006,w a l y a s t a E f i ll a * ii n a l aa y a j i d uu n a n i k aa H aa
00000_00006268,w a l y a s t a E f ii ll a * ii n a l aa y a j i d uu n a n i k aa H aa
00000_00007,< a ll a h u ll a * ii x A l a k u k u m i n A E f
00000_00011,w aa S A rr u nn a d aa m a t a l a mm aa r a < uu l E a * aa b a
00000_00012,h a l < a d u ll u k a E a l aa j a j a r a t i l x U l d
00000_00012153,h a l < a d u l u k a E a l aa j a j a r a t i l x U l t
00000_00012765,h a l < a d u ll u k a E a l aa j a j a r a t i l x U l t
00000_00013,w a < i nn a m i n h u m l a f a r ii q AA y a l w u n a < a l s i n a t a h u m b i l k i t aa b
00000_00013143,w a < i nn a m i n h u m l a f a r ii q AA y a l w u n aa E a l s i n a t a h u m b i l k i t aa b
00000_00013343,w a < i nn a m i n h u m l a f a r ii q AA y a l w u n E a l s i n a t a h u m b i l k i t aa b
00000_00015,y a s < a l u k a < a h l u l k i t a w u b i < a n t u n a zz i l a E a l a yy h i m k i t aa b i n a ss a m aa aa
00000_00015284,y a s < a l u k a < a h l u l k i t a w b i < a n t u n a zz i l a E a l a y h i m k i t aa b aa m i n ss a m aa <
00000_00017,w aa s l u E a l a y h i m n a b a i b r aa h ii m a
00000_00018,w a H ii n a T A D A E uu n a ^ i y aa b a k u mm i n A ZZ A h ii r a t
00000_00018225,w a H ii n a t A D A E uu n a ^ i y aa b a k u mm i n a DD A h ii r a t ii
00000_00018872,w a H ii n a t A Z A E uu n a ^ i y aa b a k u m m i n a DD A h ii r a
00000_00018942,w a H ii n a T A d A E uu n a ^ i y aa b a k u m i n a DD A h ii r a t
00000_00020,t a b a E u h aa rr aa d i f a t
00000_00021,f a < i * aa aa h u m i n a l < a j d aa d ii i l aa r a bb i h i m y a n s i l uu n
00000_00021863,f a y i * aa h u m i n a l E a j u d aa d i i l aa r a bb i h i m y a n s i l uu n
00000_00022,l A q A d k a f a r a ll a * ii n a q AA l uu < i nn a ll a h a E a aa l ii ^ a l aa ^ a
00000_00022315,l A q A d k a f a r a ll a * ii n A q AA l uu < i nn a ll a h a ^ aa l i ^ a l aa ^ a
00000_00024,^ u mm a $ t a b aa h u r a bb u h u f a t a E b a E a l a y h
00000_00025,w a y a k uu n a tt ii n u l i ll a h i
00000_00025760,w a y a k uu n a tt ii n u l i ll a h
00000_00026,f aa l i k a < a nn aa a ll aa t a E uu l
00000_00026580,* aa l i k a < a nn a E a ll aa t a E uu l
00000_00027,f a h i y a E i l aa l < a D q AA n i f a h u m U q m a H uu n
00000_00029,l i ll a * ii n a t a s d a r ii E y uu n u k u m
00000_00029896,l i ll a * ii n a t a s d a r ii E y u n u k u m
00000_00029984,l i ll a * ii n a t a s d a r ii y a E y u n u k u m
00000_00030,* aa l i k u m < a s k aa l a k u m w a < A T h a r uu
00000_00031,b i b I D AA E a t m u s j aa t f a E a w f ii
00000_00032,l a y u s l I q UU n a k a b i < a b S AA r i h i m
00000_00033,< a ll a * ii y u s j ii l a k u m u l f u l k aa
00000_00034,< ii y aa k a n a E b a d uu
00000_00034669,< ii y aa k a n a E b u d
00000_00037,< a l H a m d u l i ll a h i r a bb a l E aa l a m ii n
00000_00038,w a y i * q AA l a < i b r a h ii m u r a bb u j E a l h aa * aa l b a l a d a < a E aa m i n aa
00000_00038340,w a y i * q AA l a E i b r aa h ii m u r a bb u j u E a l h aa * aa l b a l a d aa m i n a
00000_00039,w a < u l aa i k a h u m u l m u f l i H ii n
00000_00039408,w a < u l aa < i k a h u m u l m u f l i H ii n a
00000_00040,* aa l i k a l k i t aa b u l aa r a y b u f ii h
00000_00040341,* aa l i k a l k i t aa b u l aa r a y i b u f ii h
00000_00040652,* aa l i k a l k i t aa b u l aa r a y b u f ii h
00000_00041,w a m aa m u H a mm a d u < i ll aa r a s uu l
00000_00041892,w a m aa m u H a mm a d u < i ll aa r a s uu l
00000_00044,f a s a bb i H b i s m i r a bb i k a l E A Z II m
00000_00044780,f a s a bb i H b i s m i r a bb i k a l E A Z II m
00000_00048,< i nn a ll a h a y a ff E a l u m aa y u r ii d a
00000_00052,< i y aa k a n a E b u d u w a < i y aa k a n i s t i E ii n
00000_00053,w a s ii ii q AA ll a * ii n a tt A q A w r a bb a h u m < i l aa l j a nn a t i z u m u r aa
00000_00053243,w a s ii q A ll a * ii n a tt A q A w r a bb a h u m < i l aa l j a nn a t i z u m u r aa
00000_00056,w a i * j a E a nn aa l b a y t a m a ^ aa b a t a l i nn aa s i w aa m n aa
00000_00058,q AA l aa r a bb a n aa < i nn aa n a x AA f u < a n y a f r U D A E a l a y n aa
00000_00059,w a l a n t a s t A T II E u E a n t a E d i l uu b a y n aa nn i s aa < i w a l a w H a r i s t m
00000_00060,w a m a n < a z d A q U m i n ll a h i H a d ii ^ aa
00000_00060258,w a m a n < a z d A q U m i n ll a h i H a d ii f a
00000_00061,S I r AA T A ll a * ii n a n E a m t a E a l a y h i m g A y r i l m a g D UU b i E a l a y h i m w a l A ZZ AA ll ii
00000_00061267,S I r AA T A ll a * ii n a < a n E a m t a E a l a y h i m g A y r i l m a g D UU b i E a l a y h i m w a l A ZZ AA ll ii n
00000_00062,f a m a n TT A rr a g A y r a b aa g w a l aa E aa d f a l aa < i ^ m a E a l a y h
00000_00066,w a < u x r a l a m t A q d i r u E a l a y h aa q A d < a H aa T a ll a h u b i h aa
00000_00069,l a w l aa E a n ^ a bb a t n aa k a l A q A d k i tt a r k a n u w i l a y h i m $ a y < aa q A l ii l aa
00000_00069198,l a w l a n ^ a bb a t n aa k a l A q A d k i tt a r k a n u n i l a y h i m $ a y aa q A l ii l a
00000_00072,w A q t u l uu h u m H a y f a q I f t m uu h u m
00000_00073,f a w a l i w a $ h a k a $ a T r a l m a s j i d i l H a r aa m
00000_00075,f A S f a E a n h u m w A q U l s a l aa m
00000_00076,w a < a h d i y a k a < i l aa r a bb i k a f a t a g $ aa
00000_00076311,w aa h d i y a k a < i l aa r a bb i k a f a t a g $ aa
00000_00080,w a w aa E a nn aa m uu s aa ^ a l aa ^ ii n a l a y l a t a n
00000_00081,f A D AA q A t w a b aa l a < a m r i h aa
00000_00082,q AA l a m a E aa A Z A ll a h i < a nn a < x U * aa
00000_00083,f a s aa < a m A T A r u l m u n Z A r ii n
00000_00084,w a < i nn ii E u tt u b i r a bb ii w a r a bb i k u m
00000_00085,m aa y u H a y i l a yy a m i n r a r a r a bb ii
00000_00086,w A T U x r u f w a < i n k u ll u * aa l i k
00000_00086606,w A T U x r u f a w a < i n k u ll u * aa l i k
00000_00087,E i n d a h aa r i s q A q AA l a
00000_00089,w a H a f a n h u m aa b i n a x l w a j E a l n aa b a y n a h u m aa z a r E a
00000_000892,w a H a f a n aa h u m aa b i n a x l w a j a E a l n aa b a y n a h u m aa z a r E aa
00000_00089291,w a H a f a n aa h u m aa b i n a x l w a j E a l n aa b a y n a h u m aa z a r E aa
00000_00090,w a y a m $ ii f ii l < a s w aa E k
00000_00092,< a f a < a m ii n uu m a kk r a ll a h i f a l aa y a < m a n u m a k r a ll a h i < i ll aa l q A w m u l x AA S I r uu n
00000_00092298,< a f a < a m i n uu m a k r aa ll a h i f a l aa y a < m a n u m a k r aa ll a h i < i ll aa l q A w m u l x AA S I r uu n
00000_00092531,< a f a < a m i n uu m a k r aa ll a h i f a l aa y a < m a n u m a k r aa ll a h i < i ll aa l q A w m i l x AA S I r uu n
00000_00093,l aa < i k r aa h a f ii dd ii n i q A tt a b a yy a n a rr u j d u m i n a l g A yy y
00000_00093313,l aa < i k r aa h a f ii dd ii n i q A tt a b a yy a n aa rr uu j u d u m i n a l g A
00000_00095,w aa E a d a d n aa l ii l k aa f i r ii r a E a * aa b aa m u h ii n a
00000_00096,l i y a zz i a ll a * ii n a E aa m a n uu w a E a m i l uu SS AA l i H aa t
00000_0009646,l i y a zz i y a ll a * ii n a aa m a n uu w a E m i l u S AA l i H aa t ii
00000_00097,< a l rr a rr a rr a H m aa n
00001_00000,w a tt U q U ll a h aa ll a * ii t u s a < a l uu n a b i h i w a l < a r a m ii
00001_00002,< i nn a ll a h a b a r ii < m i n a l m a $ r i k ii n a w a r a s uu l i h
00001_00002621,< i nn a ll a h u bb a r ii < u m i n a l m u $ r i k ii n a f a r a s uu l u h ii
00001_00003,w a < i * i b t a l a i b r aa h i m u r a bb u h
00001_00004,m aa n a n S A x m i n < aa y a
00001_00006,w a l y a s t a E f i ll a * ii n a l aa y a j u d uu n a n i k aa H aa
00001_00006977,w a l y a s t a E f i ll a * ii n a l aa y u j u d uu n aa n i k aa H aa
00001_00007,< a ll a h u a ll a * ii x A l u k u k u m m i n Z U E f
00001_00008,< a m t A q UU l uu n a < i nn a < i b r aa h ii m a w a < i s m a E ii l a w a < i s H AA q A w a y a E q UU b A w a l < A S b AA T A k aa n u w a h uu d aa < a w n A S AA r a
00001_00008142,< a m t A q UU l uu n a < i nn a < i b r aa h i m aa w a < i s m a E ii l a w a < i s H AA q A b a y a E b U bb a w a l < A S b AA T I k aa n u w uu d aa < a w n A S AA r aa
00001_0000834,< a m t A q UU l uu n a < i nn a < i b r aa h ii m a w a < i s m a E ii l a w a i s H AA q A w a y a E q U b a w a l < A S b AA T A k aa n u h uu d aa < a w n A S AA r aa
00001_00011,w a < A S A rr u w a nn a d aa m a t a l a mm aa r a < a w a l E a * aa b aa
00001_00012,h a l < a d u ll u k a E a l aa j a j a r a t i l x U l d
00001_00012280,h a l < a d u l a k a E a l aa j a j a r a t i l x U l d
00001_00012531,h a l < a d u ll u k a E a l aa t a j a r a t i l x U l d
00001_00013,w a < i nn a m i n h u m l a f a r ii q AA y a l w u a E a l s I n a t u h u m b i l k i t aa b ii
00001_00014,s a ll a b n ii < i s r aa < ii l a k a m < a < a t a y n aa h u m m i n < aa y a t b a yy i n a
00001_00016,l A q A d k aa n a f ii y uu s i f w a < i x w a t i h i < aa y aa t l i ss aa < i l ii n
00001_00017,w a s l uu E u l a y h u m n a b a < a i b r aa h ii m aa
00001_00018,w a H ii n a t A d E uu n a ^ i y a b a k u m m i n a DD A h ii r a t ii
00001_00018877,w a H ii n a t A T A E uu n a f ii y a b u k u m m i n ZZ A h ii r a
00001_00019,< a f a t A T m a E uu n a < a n y u < m i n uu l a k u m
00001_0001941,< a f a t A T m a E uu n a < a n y u < m i n uu l u k u m
00001_00020,t a b a E u h aa rr aa d i f a t
00001_00022,l A q A d k a f a r a ll a * ii a n A q AA l uu < i nn a ll a h a ^ aa l i i ^ a l aa ^ a
00001_00023,q AA l a k a m l a b i t u m f ii l < a r D i E a d a d a s i n ii n aa
00001_00024,^ u mm a $ t a b aa h u r a bb u h a f a t aa b a E a l a y
00001_00025,w a y a k uu n a tt ii n u l i ** a h
00001_0002538,w a y a k uu n a l ii y i n u l i ll a h
00001_00026,* aa l i k a < a nn aa a l aa t a E w uu l uu
00001_00027,f a h i y a < i r aa l < a ^ q AA n i f a h u m m U q m a H uu n
00001_00028,w A Z A ll a n n aa h aa l a h u m f a m i n h aa r u k uu b u h u m
00001_00029,l i ll a * ii n a t a s d a r ii a E y u n u k u m
00001_00029347,l i ll a * ii n a t a s t a r ii a E y u n u k u m
00001_00029800,l i ll a * ii n a t a s t a r ii a E y u n u k u m
00001_00030,* aa l i k u m < a s k aa l i k u m w a < A T h a r
00001_00031,y i bb I D AA E a m u s j aa t f a < a w f ii
00001_00034,< ii y a k a n a E b u d
00001_00034643,< ii y aa k a n a E b u d uu
00001_00035,< i nn a ll AA h a g A n ii y aa E a n l E aa l a m ii n a
00001_00036,w a < i nn a ll a h a E a l aa k u ll i $ a y < q A d ii r
00001_00036231,w a < i nn a ll a h a E a l aa k u ll i $ a y < q A d ii r
00001_00037,< a l H a m d u l i ll a h i r a bb a l E aa l a m ii n
00001_00040,* aa l i k a l k i t aa b u l aa r a y b u f i h
00001_00040856,* aa l i k a l k i t aa b u l aa r a y b u f ii h
00001_00042,w a k a * aa l i k a j a E a l n aa k u m < u mm a w A S A T UU
00001_00042136,w a k a * aa l i k a j a E a nn aa k u m < u mm a t w A S A T
00001_00044,f a s a bb i H b i s m i r u bb i k a l E A Z A y m uu n
00001_0004446,f a s a bb i H bb i s m i r a bb i k a l E A Z II m uu
00001_00045,b U q UU d u h aa nn aa s i w a l H i j aa r a
00001_00047,< i nn a SS A f aa w a l m a r w aa m i n $ a E a ii r u ll a h
00001_00048,< i nn a ll a h a y a f E a l m aa y u r ii d a
00001_00049,< a ll a z ii n a y u < m i n uu n a b i D g A y b
00001_00050,i H d i n a zz I r AA T A l m u s t A q II m
00001_00051,q AA l a l aa t a x AA f aa < i nn a n ii m E a k u mm aa < a s m a E uu ww a < a r aa E
00001_00053,w A S II q A l l a * i h i n aa tt a k uu u r a bb u h u m < i l aa j a nn a t i z u m u r aa
00001_00054,y a w m a n A T U w i ss a m aa < a q A T A y < i ss a j a rr i l i l k u t u b ii n
00001_00055,w a E r u * E a n l j aa h i l ii n
00001_00055317,w a E a r U D E a n aa i j aa h i r ii n
00001_00055323,w a E r a d E a n E j j aa h i l ii n
00001_00056,w a i * j a E u l a l b a y t a m a ^ a b a t a l i nn aa s i < a m n aa
00001_00057,l a < a k a l uu m i n f a w q U h i m w a m i n t a H t i < a r j u l i h i m
00001_00058,q AA l a r a bb a n aa < i nn aa n a x AA f u < a n y u f r I T A E a l a y n aa
00001_00058767,q AA l a r a bb a n aa < i nn aa n a x AA f u < y a f r U T A E a l a y n aa
00001_00060,w a m a n < A S d A q m m i n ll a h i H a d ii ^ a
00001_00060385,w a m a n < A S d u k u m i n ll AA h i H a d ii ^ a
00001_00065,w a m aa k aa n a E A T A < u r u bb i k a m a H * uu r aa
00001_00066,w a < u x r aa l a m t A q d i r uu E a l a y h aa q A d < a H aa T a ll a h u b i h aa
00001_0006626,w a < a x r aa l a m t A q d i r uu E a l a y h aa q A d < a H AA T A ll a h u b i h aa
00001_00066380,w a < a x r aa l a m T A q d i r uu E a l a y h aa q A d < a H AA T A ll a h u b i h aa
00001_00068,w a t A T H u k uu n a w a l aa t a b k uu n
00001_00068282,w a t A T H u k uu n a w a l aa t a b k uu n
00001_00069,l a w l aa < a n ^ a bb a t n aa k a l A q A d k i tt aa t u r k u n a E i l a y h u m $ a y < aa q A l ii l aa
00001_00069126,l a w l aa < a n ^ a bb a t n aa k a l A q A t k i tt aa t a r k a n u < i l a y h u m $ a y < aa q A l ii l aa
00001_00070,w a j a d a h aa t A T l a E u E a l aa q A w m l a m n a j E a l
00001_00070545,w a j a d a h aa t A T l u E u E u l aa q UU m i n l a m n a j E a l
00001_00071,w a m a n $ a rr i nn a ff a f aa t i f ii l E U q A d
00001_00071599,m u m a n $ a rr i nn a ff aa f aa t i f ii l E U q A d
00001_00072,w A q t u l uu h u m H a y s a S A q A f t u m a h u m
00001_00075,f a < A S f a H E a n h u m w U q U l s a l aa m
00001_00077,m i n a l < a m b aa < i m aa f ii h i m u s t a j a r
00001_00078,w a l aa < A q UU l u l i ll a * ii n a t a s t a r ii < a E y uu n u k u m
00001_00080,w a w a E a nn aa m uu s a ^ a l aa ^ ii n a l a y l a
00001_00081,f a * AA q A t w a b aa l a < a m r i h aa
00001_00081632,f A D AA q A t w a b aa l a < a m r i h aa
00001_00083,f a s aa < a m A T U r u l m u n a ** a r ii n
00001_00083269,f a s aa < a m A T U r u l m u n Z A r ii n
00001_00084,w a < a nn ii E i s t u b i r u bb i y u r a bb i k u m
00001_00084483,w a < a nn ii E i s t u b i r u bb i w u r a bb i k u m
00001_00086,w a * x r u f a w a < i nn u k u ll u * aa l i k
00001_00089,w a H a f a f n aa h u m aa b i n a x l w a j a E a nn aa b a y n a h u m aa z a r E aa
00001_00092,l a f a < aa m i n w m a k r a ll a h i f a l a E y a w m a n u a k r a ll a h i y i * aa l q U mm a l x AA s i r uu n
00001_00092922,< a f a < aa m i n a u m a k r a ll a h i f a l aa y i < a mm a n u m a k r a ll a h i < i ll aa l q U m a l x AA S I r uu n
00001_00093,l aa < i k r aa h aa f ii dd ii n ii q A d a b a y a n aa g U j u d uu m i n a l g A yy ii
00001_0009342,l aa < i k r aa h a f i dd ii n i q A d a b a yy a n a r u j t u m i n a l g A yy
00001_00095,w a E a d a d n aa l i l k a f i r ii n a E a * a b aa m u h ii n aa
00001_00097,< a l rr a H m aa n
00001_00097156,f aa rr u H m aa n
00002_00000,w aa tt A q UU ll a E a ll a * ii t u s aa < a l uu n a b i h i w a l < a r H aa m ii
00002_00002,< i nn a ll a h a b a r ii < u i n a l m u $ r i k ii n a w a r a s u h a l i h ii
00002_00003,w a < i * i b t a d aa < i b r E a h ii m u r a bb u h
00002_00003326,w a < i * a b t a l aa < i b r aa E ii m u r a bb u h
00002_00006,w a l y a s t a E f aa ll a * ii n a l aa y a j i d uu n a n i k aa H aa
00002_00007,< a ll a h u ll a * ii y i x A l a k a k u m m i n Z U E ff
00002_00007448,< a ll a h u ll a * ii x A l a k a k u m m i n b u E f
00002_00008,< a m t A q UU l uu n a < i nn a < i b r aa h ii m a w a < i s m aa E ii l a w a < i z H AA q A w a y a E q UU b a w a l < A S b AA T A k aa n uu h uu d aa < a w n A S AA r aa aa
00002_00009,w a k a * aa l i k a j a E l n aa k u m < u m u t w A S A T E
00002_00010,w a l a w m A S A T A ll a h u rr i s q A l i E i b E a d i h
00002_00010136,w a l a b A S A T A a E a E u rr i z q A l i E i b aa d i h
00002_00011,w a < A S A rr u nn a d aa m a t a l a mm aa r a < a w l E a * aa b aa
00002_00011403,w a < A S A rr u a t aa m a t a l a mm aa r a < a w l E a * aa b aa
00002_00012,h a l < a t u ll u k a E a n aa j a j a r a t i l x A l d ii
00002_00012447,h a l < a d u l u k a E a l aa j a j a r a t y l x U l t ii
00002_00013,w a < i nn a m i n h u m l a f a r ii q AA y u l uu n a < a l s i n a t a h u m b i l k i t aa b ii
00002_00014,s a l b a n ii s r aa < i l a k a m t a y n aa h u m i n < aa y a t m b a yy n a t
00002_00014351,s a l b a n ii i i s r aa < i l a k a m t ii n aa h u m m i n < aa y a t b a yy i n a t
00002_00015,y a s < a l u k a < a H l u l k u t uu b i < a n t u n aa zz ii l a E a l a y h i m k i t aa b a m i n a ss a m aa <
00002_00015349,y a s < a l u k a < a E l u l k u t uu b i < a m t u n a zz i l a E a l a yy u m k i t a aa b aa m i n ss a m aa < ii
00002_00016,l A q A d i k aa n a f a y uu s u f a w a < i x w a t i h ii < y a aa t u n i ss aa < i l ii n aa
00002_00019,< a ^ aa t U T i E uu n a < a n y u < m i n w u l a k u m
00002_0001937,< a f a T A T m a E uu n a < a n y u < m i n uu l a k u m
00002_00021,f a < i * aa h u mm i n l < a j d a E aa * h i < i l aa r a bb i h i m y a n s i l uu uu n
00002_00022,l A q A y t i k a f a r a ll a * ii n a q AA AA l u u < i nn a ll AA E a ^ a aa l i f i ^ a l aa s a
00002_00024,^ u mm a $ t a b a E r a bb u h u f a t aa b a E a l ii y
00002_00025,w a y a k uu n u tt ii n u l i ll a E
00002_00025916,w a y a k uu n a tt ii n u l i ll a E
00002_00026,aa l i k a < a n i nn aa < a ll aa t a E l a w
00002_00028,w A Z A ll a l n a h aa l a E u m f a m i n h aa r u k uu b u E uu m
00002_00028319,w A T A ll a l nn aa E aa y a E u m f a m i n h aa r u k h uu b u h u m
00002_00029,l ii ll a * ii n a t a s t a r i < a E y u n u k
00002_00030,* a aa l i k u m < a s k a E a l a k u m w u < A T E a r
00002_00031,b i b ii Z AA E a t u s jj a E a t f a < a w f ii
00002_00034,< ii a E aa k a n a E b u d uu
00002_00036,w a < i nn a ll a h a E a l aa k u ll i s a y < q A d ii r
00002_00037,< a l H a m d u l i ll a h i r a bb a l E a aa l a m ii n aa
00002_00038,w a < i * q AA l a < i b r aa h ii m u r a bb u j E a l E aa * aa l b a l a t a < aa m i n aa
00002_00040,* a l i k a l k i t aa b u l E r a y b u f ii ii
00002_00042,w a k a * a aa l i k a t u E a l aa k u m < u m a t m A S A T A t
00002_00043,w a E a d a mm aa E i l aa y u x l i f u l m a E aa E a w a E d u h uu
00002_00043676,w a E a d a ll a < i l aa y u x l i f u ll a h a w a E d a h
00002_00044,f a s a bb i H b i s m i r a bb i k a l E A Z II m aa
00002_00045,w A q UU d u h aa nn aa s i w a l H i j aa r a
00002_00046,l i k a y l aa aa y a k uu n a * uu l a t uu b a y n a l < a g n i y aa < i m i n k u m
00002_00047,< i nn a SS A f w a l m a r w a t m i n $ a E aa < i r u ll a h
00002_00048,< i nn a ll a h a y a f E a l u m aa y u r ii d aa
00002_00048102,< i nn a ll a a E a y a f E a l u m aa y u r ii d aa
00002_00049,< a ll a z ii n a y u < m i n uu n a b i l g A y b ii
00002_00050,i l d ii n a SS I r aa T A l m u s t A q II m a
00002_00051,q AA l aa l aa t a x AA f aa < i nn ii m a E u k u m aa < a s m a E uu w a < a r aa
00002_00051139,q AA l aa l aa t a x AA f aa < i nn a n ii m aa E u k u m a aa < a s m a E w a < a r aa
00002_00052,< ii y aa k a n a E b u d w a < ii y aa k a n a s t a E ii n uu
00002_00052350,< ii E aa k a n a E b u d u w a < ii y aa k a n i s t i E ii n uu
00002_00055,w a < a H r i bb u E a nn i l j aa E a i d ii n aa
00002_00056,w a < i l i jj a E n aa l i b a i t aa b a ^ aa b a s a ll i nn a E s i w a < a mm n aa
00002_00060,w a m a n < a z I q U m i n a ll a a r i y H a d ii s
00002_00060401,w a m a n a z dd A q U m i n a ll a h i H a d ii ^ aa
00002_00062,f a m a n U TT U rr a w A y r a b aa g w a l aa E a a d g A l a < i ^ m a E a l ii y
00002_00063,w A q AA t i l uu f ii s a b ii l i ll a h i ll a * ii n a y U q AA t i l uu n a k u m w a l aa t a H t a d uu
00002_00063523,w A q t i l uu f ii s a b ii l i ll a h i ll a * ii n a y U q t i l uu n a k u m w a l aa t a H t a d uu
00002_00064,w a s m a H g A y r a m u s m i E
00002_00065,w a m aa k aa n a E A T AA < uu r a w i k a m a H d uu r aa
00002_00067,< i nn a m aa n a H n u f ii S n a t u m f a l aa t a k ff a r
00002_00068,w a t A D H a k uu n a w a l aa t a b k uu n
00002_00070,w a j a d a h aa t A T l i E u E a l aa q A w m i n a m n a j E a l
00002_00070276,w a j a t a h aa t A T l i E E a l aa q A w m l a m n a j E a l
00002_00070304,w a j a d a h aa t a x t U l E E a l aa q A w m l a m n a j E a l
00002_00071,w a m i n $ a rr a ff aa f a t i f ii l E U q A d ii
00002_00072,w A q A E t i l uu h u m H a y t u * A q I f t u m uu E u m
00002_00073,f a w a ll ii w a $ h a k a $ A T r a l m a s j i d i l H a r aa m ii
00002_00074,w a l aa j u n aa E a E a l a y k u m
00002_00077,m i n a l < a mm b aa < i m aa f ii h i m u s t a j aa r
00002_00077466,m i n a l < a m b aa < i m a aa f ii l i m u s t a j i r uu n
00002_00077795,m i n a l < a m b aa E < i m a aa f ii h i m u s t a j a r
00002_00078,w a l aa < A q UU l u r i ll a * ii n a t a s t a r ii < a E y u n u k u m
00002_00080,w a w aa E a nn aa m uu s aa ^ a l aa ^ ii n a l a y l a t aa
00002_00082,q AA l a m a E aa * aa ll a h h i < a nn a < x U * aa
00002_00083,f a s aa < a m A T U r u l m u n D I r ii n
00002_00084,w a < i nn ii E u ^ t u b i r a bb ii w a r a bb i k u m
00002_00086,w a * a x r u f aa w a < i nn a k u ll u * aa l i k aa
00002_00086493,w a * u x r a f a w a < i nn a k u ll a * aa l i k aa
00002_00088,y a E $ a nn aa s a h a E a * aa E a * aa b < a l ii m
00002_00089,w a H a f a f n aa h u m aa b i l a x l i w a j a E a l n aa b a y n a h u m aa z a r H aa
00002_00090,w a y a m $ ii f ii l < a s w aa E k
00002_00090450,w a y a m $ ii f ii l < a s w a k ii
00002_00091,h u w a ll i w a j h aa k a $ A T r a l m a zz s ii d i l H a r aa aa m ii
00002_00091621,f a w a h i l i w a j H a kk a $ a d a l i m a s t i t i l H a r aa aa m ii
00002_00092,< a f a < aa m i n uu m a k r aa ll a E a h i f a l aa y a < m a n u m a k r a ll a E i < i ll aa l q A w m u l x AA S I r uu n
00002_00092205,< a f a < a m i n uu m a k r aa ll a f a l aa y a < m a n u m a k r a ll a h i < i ll aa l q A w m u l x AA S I r uu n
00002_00092763,< a f a < aa m i n uu m a k r aa ll a h i f a l aa y i < a m a n u m a k r aa ll a a h i < i ll aa l q A w m u l x AA S I r uu n
00002_00093,l aa < i k r aa h a f ii dd ii n i q A tt a b a yy a n a l a jj i d u m i n a l g A y
00002_00093124,l aa < i k r aa E a f ii tt ii m q A d a b a yy a n aa l u jj d u m i n l g A y
00002_00094,w a l i k u ll u j i h a t h u w a m w a ll ii h aa f aa s t a b I q U l x A y r aa t
00002_0009460,w a l i k u ll j i h a h u w a m u w a ll ii h aa f aa s t a b I q U l x A y r aa t
00002_0009478,w a l i k u ll w a j aa t u n h u w a m w a ll ii h aa f aa s t a b I q U l x A y r aa t
00002_00096,l i y a z i ll a * ii n a < aa m a n uu w a E a m i l uu SS AA l i H aa t
00002_00097,a r r a H n aa n n
00003_00001,< i nn a m aa y a x $ a ll a h u m a n E * a E a d i h u ll E a l u m aa < a <
00003_00005,y a x $ ii k u m a E aa s a E aa m i n a m i n h u
00003_00006,w a l i y a s t a E a ll a * ii n a l a y i z d uu n aa n i k aa H
00003_00007,< a l ll a h a ll a * ii x A l a k a k a m i n b a E ^ r
00003_00008,< a m t A q UU l uu n a E i nn a a b r a h i m i s m a E i l a uu E i z H aa q UU E A q UU b i u l A S w AA T a k aa n u h u d aa < a n A S AA r aa
00003_00009,w a k a * aa l i k a j a E a nn n aa k a m < u mm a w A S A T AA
00003_00011,a A SS A r m a d aa m a l a m a r a < u l E a * aa b
00003_00014,s a l b a n ii i s r aa a y l a k a a E t a y n aa h u m m i n < aa y a w a yy n a
00003_00016,l A q A d k aa n a f ii y u < s u f uu E i x UU t i h i < aa y aa l i ss aa E i l ii n
00003_00018,w a H ii n a tt A Z A E uu n a ** i y aa b a k u m i n a DD U h i r a h
00003_00025,w a y a k uu n u tt ii n a l i ll a h
00003_00026,* aa l i k a < a nn a < a n aa t a E uu l
00003_00028,g A D A l a l n aa h aa l aa h u m f a m i n h aa r a k uu b u h u m
00003_00029,l i ll a * ii n a t a s t a r i E a y a n u k
00003_00031,l i * ii D AA E a y a s i j aa a f a r uu f i l
00003_00032,l i y a s l I q UU n a k a b i < a b S AA r i h i m
00003_00035,< i nn a ll a h a Z A m ii a E a n i l E aa l a m ii n
00003_00038,w a i * q AA l a b r a h i m a r a bb u j E a l h aa * aa l b a r a d aa E a m i n
00003_00039,w a < u l aa < i k a h u m a m u f l i H ii n
00003_00040,* a l i k a l k i t aa b u l aa r a y b u f ii l
00003_00043,w a E d a ll a h i l aa y u x r i f u ll a h a w a E d a h
00003_00044,f aa s a bb i h b i s m i r a bb i k a l E A Z II m
00003_00045,w A q d u h u nn aa s i w l H i j aa r a
00003_00048,< i nn a ll a h a y a f E a l u m aa y u r ii d a <
00003_00050,< a h a dd i n aa l zz i r AA t m u s t A q II n
00003_00051,q AA l a l aa t a x AA f a E i nn ii m a a k a m aa k a s m a a m aa r aa
00003_00052,< ii y aa k a n a E a b d uu < a y aa k a n i s t a E ii n
00003_00055,w a E a r A D E a n aa j aa h i l ii
00003_00056,w a < a * j a E a n aa l b a y t a m a ^ a r aa b a l i nn aa s i E a m n aa <
00003_00056314,w a < a * j a E n aa l b a y t a m a ^ aa b a i nn aa s i w uu < a m n aa
00003_00061,S I r AA T A l i dd i n aa l E a m t a l a h i m w a y r aa m u D U b a l a y h i m u l a DD AA l ii n
00003_00065,w a m aa k aa n a E a T AA E u r a bb i k a m a H * uu r
00003_00069,l a w l aa < a n t a bb a t n aa k a l A q A d k i tt a r a k a m aa E i l a y h a m $ a y < aa q A l ii l aa
00003_00074,w a l aa j u n aa E a E a l a y k m
00003_00075,f AA S f E a l h u m w u q U l s a l aa m
00003_00079,f a h a l m i n m u tt a kk i r
00003_00080,w a w aa E a nn a m uu s aa ^ a l a ^ ii n a l a y l aa
00003_00082,q AA l a m u E AA D A ll a h i nn a < x
00003_00082121,q AA l a m a E AA D A ll a h i E a n n a < a x d S
00003_00083,f a s aa < a m A t A rr a l m Z U r ii n ii
00003_00085,m a y uu H a < i l a yy a < i ll a m i n rr r a bb
00003_00086,r aa b a x r a f aa w a < i nn a k u ll a * aa l i k
00003_00088,y a H $ a nn aa s u h aa * aa E a * aa b < a l ii m
00003_00089,w a H a f n aa h u m aa b i n a x l w a d i E a nn aa b a y n a h u m aa i z a r E aa <
00003_00090,w a y aa m $ i ii l < a s w aa k
00003_00090142,w a y a m $ ii f ii l < a s w aa k
00003_00092,f a < aa m i n u m a k r aa ll a h i f a l a y i < aa m a n a m a k r a ll a h i < i ll aa l q A w n i l x AA S U r uu n
00003_00094,w a l i k u ll i n j i h a h w a ll i h aa f aa s t a b I q U l x A y r aa t
00003_00095,w a E d a d n aa l i l k aa f i r ii y n a E a * aa b aa m u h ii n
00003_00096,< i ll i y aa z i y a ll a * ii n a < a E m a m uu w a E a m a l uu SS A l i H aa t i
00004_00000,w a tt A q UU ll a h u ll a * ii t a s < a l uu n a b i h i w a l < a r H aa r
00004_00001,< i nn a m aa y a x $ a ll a h u E a * aa d u h a m a n a l a l u m aa
00004_00001577,< i nn a m aa y a x $ a ll aa h aa m i n E i b aa d u h u < a l E u l a m aa <
00004_00001755,< i nn a m aa y a x $ a ll a h u m i n E i * d u h u l E u l a m aa
00004_00003,w a < i * aa < a tt a l aa < i b r aa h ii m a r a bb a h
00004_00004,m aa n a m S A x m i n < aa y a t n
00004_00007,< a l DD AA h u ll a * ii x A l a k a k u m m i n b E a f
00004_00007206,< a l ll a h u ll a * ii x A l a k a k u m f ii l i m b a E a ^
00004_00007393,< a ll a h u ll a * ii x A l a k a k u m m i n D A E f
00004_00008,< a m t A q UU l uu n a < i nn a < i b r uu h ii m a w a < i s m aa E ii l a w a < i z H aa f U y aa E q UU b a w a l < a S b AA T U k aa n uu h uu d aa < a w n a f AA r aa
00004_00010,w a l a w u b A S A T A ll a h u rr i z q A l i E i b aa d i h i h
00004_00011,w a < a S A rr uu < a nn a d aa m a t aa l i m aa r a < u l E a * aa b
00004_00012,h a l < a j i ll a k E a l aa j a j a r a t u l x U r
00004_00013,w a < i nn a m i n h u m l i f a r ii q AA l y a l w uu n a E a l s i n a t u h u m b i l k i t aa b
00004_00014,s a l b a n i a < i s r aa < ii l a k a m t a y n aa h u m m i n < aa aa y a t b a yy ii n a
00004_00014591,s a l b a n ii < i s r aa < ii l a k a m t a y n aa h u m m i n < aa y a t ii yy i n a
00004_00015,y a s < a l a k a < a h l i l k a t uu b < a n t u n z a l E a l a y h u m k i t aa b m i n ss a m aa n
00004_00015280,y a s < a l k a < a h l i l k a t uu b < a n t a n z i l a E a l a y h u m k i t aa b aa m i n a ss a m aa <
00004_00015894,y a s < a l a k a < a h l i l k i t uu b i < a n t u n z i l a E a l a y h u m k i t aa b aa m i n ss a m aa
00004_00016,l A q A d k aa n a f a y uu s i f a w a < a x w a t i h i < aa y aa l i ss aa < i l ii n
00004_00017,w a < a s a ll a E a l a y h u m n a f aa i Z r aa h ii m
00004_00017246,w a < a s i ll a E a l a y h u m n a b aa < I D r aa h ii m
00004_00018,w a H ii n aa TT A b a r uu n aa ^ i y aa D A k u m m i n a TT g A h ii r a
00004_00019,< a f A T A T m a E uu n aa < a n y a < m a n uu l a k u m
00004_00022,l A q A t k a f a r a ll a * ii n a q AA l u < i nn a ll a h a l aa f a l aa ^ a
00004_00022755,l A q A t k a f a r a ll a * ii n a q AA l uu < i nn a ll a h a l aa s a l aa s a
00004_00023,q AA l a k a m l i b t u m f ii l < a r D I E a d a d a s i n ii n
00004_00023359,q AA l a k a m l a b i tt u m f ii l < a r D I E a d a d a s i n ii n
00004_00025,w a y a k uu n a dd ii n a l i ll aa
00004_00025839,w a y a k uu n a tt ii n a l i ll aa
00004_00026,* aa l i k a < a nn aa < a ll aa t a E uu l
00004_00027,f a h i y aa < i l aa l < A * q AA n i f a h u m m A q m a H uu n
00004_00029,l i ll a * ii n a t a s t a r ii < a E i y u n a k u m
00004_00031,b i b I Z AA E a m u s t j aa t f a < uu f
00004_00033,< a ll a * ii y a s j aa l a k u m u l f a l a k
00004_00034,< ii y aa k a n a E b a d
00004_00035,< i nn a ll a h a g A n ii E a n i l E aa l a m ii n
00004_00036,w a < i nn a ll a x A E a l aa k u ll i $ a y < q A d ii r
00004_00038,w a < i * q AA l a < i b r aa h ii m a r a bb u j E a l H aa * aa l b a l a d a < E aa m i n aa
00004_00041,w a m aa m u H a mm a d < i ll aa r a s uu l
00004_00042,w a k a * aa l i k a j a E a nn aa k u m < u mm a w A S t uu
00004_00043,w a E a * a ll aa h i l aa y u x l i f u < a ll a h a w a E a d a h
00004_0004389,w a E d a ll a h u l aa y i x l i f a ll a h aa w a E d a
00004_00045,w A q UU d a h aa nn aa s i w a l H i j aa r a
00004_00045467,q u d a h aa nn aa s i w a l H i j aa r a
00004_00046,l i k a yy l aa y a k uu n u d a w l a l a y n a l < a g n i y aa < i i k u m
00004_00047,< i nn a SS A f aa w a l m a r w a m i n $ a E aa < i r u ll aa h
00004_00048,< i nn a ll a h a y a f a l m aa E y r ii d
00004_00048312,< i nn a ll a h u y a f E a l m aa l i r ii d
00004_00049,< a ll a z ii n a y u < m i n uu n a b i l g A y b
00004_00050,< i h t i n a A DD a r t A l m u s t A q II m
00004_00052,< ii y aa k a n aa E b i d w a < ii y aa k a n a s t a E ii n
00004_00053,w U S II q AA ll a * ii n a tt A q UU r a bb u h u m < i l aa l j a nn a t i s u m uu r aa
00004_00055,w a < a E r I D A E a n i a j aa h i l ii n
00004_0005565,w a < a E r I D E i n a j aa h i l ii n
00004_00056,w a < i * j a E n a l b a y t a m a ^ aa b a t aa l i nn aa s i y uu < a m n aa n
00004_00057,l a < a k a l uu m i n f a w q I w a m i n t a H t a < a r j i l a h u m
00004_00058,q AA l a r a b S A n aa < i nn aa l a x AA f u < a y a f r U T A E a l a y n aa
00004_00059,w a l aa n t a s t A T II n E a n t a E d i l uu b a y n a nn i s aa < a w a l a w H a r S
00004_00059136,w a l a n t a s t A T II E u < a n t a E d i l uu b a y n a nn i s aa < i w a l a w H a r i s t m
00004_00059599,w a l aa t a s t A T II E u < a n t a E d i l u b a y n aa m i s aa < i w a l a w H a r S
00004_00059888,w a l a n t a S t A T II E u < a n t a E j i l uu b a y n a nn i s aa < i w a l a w H a r i s t m
00004_00060,w a m i n < A S d A q m i n ll a h i H a d ii ^ aa
00004_00061,S I r aa t a ll a * ii n a E a m t a E a r II y h u m g A y aa n m a g A D b u E a l a y h u m w a D a dd AA ll ii n
00004_00064,w a < i s m g A y r a m u s m a E
00004_00065,w a m aa k aa n a E a b aa < a r a bb i k a m a H d uu r aa
00004_0006547,w a m aa k aa n a E A T AA < a r a bb i k a m a H d uu r aa
00004_00065770,w a m aa k aa n a E A T AA < a r a bb i k a m a H d uu r aa
00004_00066,w a < u x r aa l i m a t q A T a r uu E a l a y h a q A d < a H aa t AA b i h aa
00004_00066275,w a < a x r aa r i m A T A d r uu E a l a y h aa q A d < a H AA T aa ll a h u b i h aa
00004_00066620,w a < u x r a l i m a t A d r uu E a l a y h aa q A d < a H AA D AA ll a h u b i h aa
00004_00068,w a t A D H a k uu n a w a l aa t a b k uu n
00004_00068783,w a T A D H a k uu n a w a l aa t a b k uu n
00004_00069,l a w l aa < i nn aa ^ a b a t n aa k a l A q A d k a d t a r a k n aa < i l a y h u m $ a y aa q A l ii l aa
00004_00071,m i $ a rr i nn a ff a f aa t i f ii l E U q A d
00004_00072,w A q t u l uu r H ii y ^ A q A f t u m uu m
00004_00074,w a l aa j u n aa E a E a l a y k u m
00004_00075,f a < A S A ff a E a n h u m w A q U l s a l aa m
00004_00075859,f a < a S U ff u E a n h u m a q U l s a l aa m
00004_00076,w a < a H d ii k a < i l aa r a bb i k a f a t a g $ aa
00004_00077,m i n l < a m b aa < i m a f ii h i m u s t a j i r
00004_00079,f a h a l m i n m u tt a kk a r
00004_00079596,f a h a l m i n m u tt a kk a r
00004_00081,f A D AA q A w a b aa l a < a m r u h aa
00004_00081585,f A D AA q A t w a b aa l a < a m r u h aa
00004_00082,q AA l a m a E AA Z A ll a h a < a a < x
00004_00083,f a s h aa < a r A T A l m u n Z A r ii n
00004_00084,w a < a nn i E a d t u b i r a bb i w a r a bb i k u m
00004_00085,m a yy uu H a < i l a yy a m i n A D b i
00004_00086,w a D x r u f aa w a < i nn ii k u ll i * aa l i k a
00004_00089,w a H i f n aa h u m b i n a x l w a j a E a nn aa b a y n a h u m z a r E aa
00004_00091,f a w i ll i w a j h a k a $ A T r aa l m a s z a d l H a r aa m
00004_00092,f a < a m a n uu m a k r aa ll a h i f a l a y m i n m a k r a ll a h i < i ll aa l q A w m a l x AA S U r uu n
00004_00093,l aa < i k r aa h a f i dd ii n q A tt a b a yy a n a rr a j d a m i n a l g A y
00004_00094,u ll i j a h a h u w aa m u w a ll i h aa f aa s t a b I q U l x A y r aa
00004_00095,w a E d a d n aa l i l k aa f i r ii n a E a * aa b aa m u h ii n aa
00004_00096,r ii z i ll a * ii n a < aa m a n uu w a E m i l uu SS AA l i H aa t
00004_00097,< a l rr a H m aa n
00005_00001,< i nn a m aa y a x $ a ll a h u m i n E i b aa d i h i l E u l a m aa
00005_00002,< a nn a ll a h a b a r ii < m i n a l m u $ r i k ii n a w a r a s uu l i h ii
00005_00003,w a < i * i b t a l aa E i b i r aa h ii m u r a bb a
00005_00004,m aa n a n s a x U m i n < a E aa y a
00005_00005,y a x $ ii k u m u nn u E aa s a < a m a l a m i n
00005_00006,w aa l y a s t a E f aa ll a * ii n a l aa y a j i d uu n a l i k aa H aa
00005_00007,< a ll a h u ll a * ii x A l a k a k u m i n Z A E a f
00005_00008,< a m t A q UU l uu n a < i nn a < i b r a h ii m a w a < i s m aa E II l a w a < i s H AA q A w a y a E q UU b A w aa l < A S b AA T A k aa n uu w uu d aa < a w n A S AA r aa
00005_00008621,< a m t A q UU l uu n a < i nn a < i b r a h ii m w a < i s m aa E ii l a w a < i z a H AA q A w a y a E A q UU b a w aa l < A S b AA T A k aa n uu h uu d aa < a w n A S AA r aa
00005_00010,w a l a w b A S A T A ll a h u rr i z q A l i g I b aa d i h
00005_00011,w a < A S A rr u nn a d aa m a t a l a mm aa r a < a w u l E a * aa b
00005_00011236,w a < A S A rr u nn a d aa m a t a n a mm aa r a < a l E a * aa b
00005_00012,h a l < a d u ll u k a E a l aa j a j a r a t i l x U l d
00005_00014,s a l b a n ii < i s r aa < ii l a k a m < aa t a y n aa h u m m i n < a aa y a t b a yy i n a
00005_00015,y a s < a l u k a < a h l u l k u t u b i < a n t u n a zz i l a E a l a y h i m k i t aa b i n ss a m aa
00005_00016,l A q A d k aa n a f ii y uu s u f u w a < i x w a t u h u E a < < aa y aa t l i ss aa < i l ii n i
00005_00017,w aa s < a l E a l a y h i m n a b a < a < i b r aa h ii m
00005_00018,w a H ii n a t A D E uu n a ^ i y aa b a k u m i n a DD A h ii r a
00005_00019,< a f a t A T m a E uu n a < a n y u < m i n uu l a k u m
00005_00020,b i E u h aa rr aa d i f a
00005_00021,f a < i * aa h u m i n a l < a j d aa ^ i < i l aa r a bb i h i m y a n s i l uu n
00005_00021297,f a < i * aa h u m i n a l < a j d aa ^ i < i l aa r a bb i h i m y a n s i l uu n
00005_00023,q AA l a k a m l a b i ^ t u m f ii l < a r D I E a d a d a s n ii n
00005_00024,^ u mm a $ t a b aa h u r a bb u h u f a t aa b a E a l a y h
00005_00025,w a y a k u n u l t ii n u l i ll aa
00005_00027,f a h u m < i l aa l < a * q A E n i f a h u m m U q m a H uu n
00005_00028,w A D A ll a l n aa h aa l a h u m f a m i n h aa r u k uu b u h u m
00005_00029,l i ll a * ii n a t a s d a r ii < a E y u n u k uu
00005_00029109,< i ll a * ii n a t a s d a r ii < a E y u n u k u m
00005_00030,* aa l i k u m < a s k aa l a k u m w a < A T h a r
00005_00031,b i b I D AA E a m u s t aa t f a < a w f
00005_00031553,b i b I D AA E a t u s j aa t f a < a w f
00005_00033,< a ll a * ii y a s j ii l a k u m u l f u l k
00005_00033263,< a ll a * ii a S y a s j ii l a k u m u l f u l k
00005_00034,< ii y aa k a n a E a b u d
00005_00034315,< ii y aa k a n a E b u d
00005_00034998,< ii y aa k a n a E b u d
00005_00035,< i nn a ll a h a g A n ii y E a n i l E aa l a m ii n
00005_00035304,< i nn a ll a h a g A n ii y E a n i l E aa n a m ii n a
00005_00035757,< i nn a ll a h a g A n ii y E a n i l E aa n a m ii n
00005_00036,w a < i nn a ll a h a E a l aa k u ll i $ a y < q A d ii r
00005_00036661,w a < i nn a ll a h a E a l aa k u ll i $ a y < q A d ii r
00005_00037,< a l H a m d u l i ll a h i r a bb i l E aa l a m ii n
00005_00038,w a < i * q AA l a < i b r aa h ii m u r a bb u j E a l h aa * aa l b a l a d a < aa m i n aa
00005_00038242,w a < i * q AA l a < i b r aa h ii m u r a bb u j a E a l h aa * aa l b a l a d a < aa m i n aa
00005_00039,w a < u l aa < i k a h u m u l m u ff l i h ii n
00005_00041,w a m aa m u H a mm a d < i ll aa r a s uu j
00005_00041617,w a m aa m u H a mm a d < i ll aa r a s uu l
00005_00042,w a k a * aa l i k a j a E a l aa k u m < u mm a t w A S A T
00005_00042472,w a k a * aa l i k a j a E a l n aa k u m < u mm a t w A S A T
00005_00044,f a s a bb i H b i s m i r a bb i k a l E A Z II m uu
00005_00045,w U q UU d u h aa nn aa s u w a l H i j aa r a
00005_00046,l i k a yy l aa y a k uu n a d uu l a t a m b a y n a l < a g n i y aa < i m i n k
00005_00046634,l i k a y l aa y a k uu n a d uu l a m b a b a y n aa l < a g n i y aa < i m i n k u m
00005_00049,< a ll a z ii n a y u < m i n uu n a b i a l g A y b
00005_00051,q AA l a l aa t a x AA f < i nn a n ii m a E a k u m < a s m a E w a < a r aa
00005_00051391,q AA l a l aa t a x AA f a < i nn a n ii m a E a k u m aa < a s m a E w a < a r aa
00005_00052,< aa k a n a E b u d w a < ii y aa k a n a s t a E ii n
00005_00052915,< ii y aa k a n a E a b u d w a < ii y aa k a n a s t a E ii n
00005_00055,w aa E r I D E a n j aa h i l ii n
00005_00056,w a < i * j a E a l aa l b a y t a m a ^ aa b a l i nn aa s i w a < a m n aa
00005_00056129,w a < i * j a E a l aa l b a y t a m a ^ aa b a l i nn aa s i w a < a m n aa
00005_00057,l a < a k a l uu m i n f a w q I h i w a m i n t a H t i < a r j u l i h i m
00005_00059,w a l a n t A s t A T II E uu < a n t a E d i l uu b a y n a nn i s aa < i w a l a w H a r a s j u m
00005_0005952,w a l a n t a s t A T II E u < a n t a E d i l uu b a y n aa nn i s aa < i w a l a w H a r aa S t uu m
00005_00059807,w a l a n t a s t A T II E u E a n t a E d i l uu b a y n aa nn i s aa < i w a l a w H a r a s t u m
00005_00061,S I r AA T A ll a * ii n a < a n E a m t a E a l a y h i m g A y r i l m a g D UU b i E a l a y h w a l AA DD AA ll ii n
00005_00062,f a m a n D t U rr a g A y r a b AA g w a l aa E aa d f a l aa < i ^ m a E a l a y
00005_00063,w A q AA t i l uu f ii s a b ii l i ll a h i ll a * ii n a y U q AA t i l uu k u m w a l aa t a H t a d uu
00005_00064,w aa s m a E g A y r a m u s m aa E
00005_00067,< i nn a m aa n a H n u f a s a n a t f a l aa t a k f u r
00005_00069,l a w l aa < a n ^ a bb a t n aa k a l A q A d k u tt a t a r k u n u < i l a y h i m $ a y < a q A l ii l aa
00005_00069934,l a w l aa < a n ^ a bb a t n aa k a l A q A d t u r k u n a < i l a y h i m $ a y < q A l ii l aa
00005_00069963,l a w l aa < a n ^ a bb a t n aa k a l A q A d k i tt a t a r k u n < i l a y h i m $ a y < aa q A l ii l aa
00005_00070,w a j a d h aa T A T l u E u E a l aa q A w m l a m n a j E a l
00005_00070950,w a j a d h aa T A T l u E u E a l aa q A w m l a m n a j E a l
00005_00074,w a l aa j u n aa H a E a l a y k u m
00005_00074459,w a l aa j u n aa E a E a l a y k u m
00005_00075,f A S f i E a h u m w A q U l s a n aa m
00005_00077,m i n a l < a m b aa < i m aa f ii h aa m u s t a j a r
00005_00077717,m i n l < a m b aa < i m aa f ii h i m u s t a j a r
00005_00080,w a w aa E a nn aa m uu s aa ^ a l aa ^ ii n a l a y l a
00005_00082,q AA l a m a E aa * aa ll a h i < a n t a < a x U *
00005_00083,f a s aa < a m A T A r u l m u n Z A r ii n
00005_00083508,f a z aa < a m A T A r l m u m Z A r ii n
00005_00085,m aa y uu H aa < i l a y h i m i n r a rr a bb i
00005_00087,E i n d a h aa r a s A q q AA l
00005_00089,w a H a f n aa h u m aa b i n a x I l w a j E a n aa b a n n a h u m aa z a r aa
00005_0008921,w a H a f a nn aa h aa b i n a x l w a j a E a l n aa b a y n a h u m aa z a r E aa
00005_00089568,w a H a f n aa h u m aa b i n a x l u w a j a E a nn aa b a y n a h u m aa z a r a E aa
00005_00091,w a l w aa j h a k a $ A T r a l m a s r i d i l H a r aa
00005_00091462,f a w aa l w a j h a k a $ A T r aa l m a s r i d u l H a r aa m
00005_00093,l aa < i k r aa h a f ii dd ii n i q A tt a b a y y a n a rr a j d u m i n a l g A y ii
00005_00094,w a l i k u ll n j i h a h u w a m u w a ll ii h aa f aa s t a b I q U l x A y r aa t
00005_00095,w a < a E a d a d n aa l i l k aa f i r ii n a E a * aa b u h ii n aa
00005_00096,l i y a r aa ll a * ii n a < aa m a n uu a E a m i l uu SS AA l i H aa t
00005_00097,< a l rr rr a H m aa n
00005_00097385,< a l r a ** rr a H m aa n
00006_00000,w a tt A q UU ll a h aa ll a * ii a s aa < a l uu n a b i h i w a l < a r H aa m ii
00006_00001,< i nn a m aa y a x $ a ll a h a m i n E i b aa d i h u l E l a m aa
00006_00002,< i nn a ll a h a b a r ii < u mm i n a l m u $ r i k ii n a w a r a s uu l u h ii
00006_00003,w a < i * i b t a l aa i b r aa h ii m u r a bb u h
00006_00005,y u H $ ii k u m u n u E aa s a < a m a n a t m m i n h
00006_00005364,y u H $ ii k u m u E aa s a < a m a n a t m i n h
00006_00008,< a m t A q UU l uu n a < i nn a < i b r aa h ii m a w a < i s m aa E ii l a w a i z H AA q A w a y a E q UU w a w a l < A S b AA T A k aa n uu h uu d aa < a w n A S AA r aa
00006_00008135,< a m t A q UU l uu n a < i nn a < i b r aa h ii m a w i s m aa E i l i l a w a y u z H AA q A w a y a r A q w a w a l < a s f n A D A k aa n uu h uu d aa < a w n a S A E a r a
00006_00010,w a l a w b A s A T A ll a h u rr i s q A l i E i b aa d i h
00006_00011,w a < A S A rr u nn a d aa m a t a l a mm aa r a < l E aa * aa b
00006_00011781,w a < A S A rr u nn a d aa m a t a l a mm aa r a < a w l a E a * aa b
00006_00012,h a l < a d u ll a k a E a l aa j a j a r a t i l x U l
00006_0001217,h a l < a d u ll u k E a l aa j a j a r a t i l x U l d
00006_00012798,h a l < a d l u k a E a l aa j a j a r a t i l x U l d
00006_00015,y a s < a l u k a < a h l u l k i t uu b i < a n t u n a zz i l E a l a y h i m k i t aa b i n ss a m aa
00006_00017,w aa s l u E a l a y h i m n a b a < a y i b r aa aa h ii m
00006_00018,w a H ii n a t A Z A E uu n a ^ i y aa b a k u m m i n a DD A h ii r a
00006_00019,< a f A t A T m a E uu n a E a n y u < u m i n u h uu l a k u m
00006_00020,t a b a E u h aa rr a E a d i f a h
00006_00021,f a < i * aa h u m m i n a l < a j d aa * i < i l aa r a bb i h i m y a n s i l uu n
00006_00022,l A q A d k a f a r a ll a * ii n a q AA l uu < i nn a ll a h a ^ aa l i ^ a l aa ^ a
00006_00022752,l A q A d k a f a r a ll a * ii n a q AA l uu < i nn a ll a h a ^ aa l i ^ a l aa ^ a t i m
00006_00023,q AA l a k a m l a b i t u m f ii l < a r D I E a d a d a s i n ii n
00006_00023359,q AA l a k a m l a b i t u m f ii l < a r D I E a d a d a s i n ii n
00006_00023640,q AA l a k a m l a b i t u m f ii l < a r D I E a d a d a s i n ii n
00006_00026,* aa l i k a < a nn aa E a n aa t a E uu l uu
00006_00026515,* aa l i k a < a nn aa < a ll aa t a E w uu l
00006_00027,f a h i y a < i l aa l < A * q AA n i f a h u m m u k m a H uu n
00006_00028,w A Z A ll a l n aa h aa l a h u m f a m i n h aa r a k uu u h m
00006_00028636,w A Z A ll a ll aa E aa l a h u m f a m i n h aa r a k uu uu < u h u m
00006_00029,l i ll a * ii n a t a s d a r ii a y u n u k u l
00006_00030,* aa l i k u m < a s k aa l a k u m E A D h a r
00006_00031,b i b i D A E a t u s t E aa t f a < f ii
00006_00032,l i y u s l I q UU n a k a b i < a b S AA r i h i m
00006_00032419,l a y u s l I q UU n a k a b i < a b S AA r i h i m
00006_00033,< a ll a * ii y u s j ii l a k u m u l f u l k
00006_00034,< ii y aa k a n aa E a ww u d
00006_00035,< i nn a ll a h a g A n ii y aa E a n i l E aa l a m ii n
00006_00036,w a < i nn a ll a h a E a l aa k u ll i $ a y < q A d ii r
00006_00037,< a l H a m d u l i ll a h i r U bb a l E aa l a m ii n
00006_00038,w a < i * q AA l a < i b r aa h ii m u r a bb u < i j a aa l h aa * aa l b a l a d aa E aa m i n aa
00006_00038240,w a y a * q AA l a i b r aa E ii m u r a bb u jj E a l h aa * aa l b a l a d a E aa m i n aa
00006_00040,* a E l i k a l k i t aa b u l aa r a y b u f ii h m
00006_00041,w a m a m u H a mm a < i ll aa r a s uu l ii
00006_00043,w a E a d a ll a h i l aa y u x l i f u ll a h a w a E d a h
00006_00044,f a s a ff i H b i s m i r a bb i k a l E A Z II m n
00006_00045,< U q UU d u h aa nn aa s i w a l H i j aa r aa
00006_00046,l i k a y l aa y a k uu uu n a d uu l a t r uu b a y n a l < a g n i y aa < i m k u m
00006_0004617,l i k a y l aa y a E k uu n a d uu l a t u b a y n a l < a g n y aa < m i n k u m
00006_00046535,l i k a y l aa y a k u f uu n a * uu l a t u b a y n a l < a g n i y aa < i m k u m
00006_00047,< i nn a SS A f a w a l m a r w a t a m i $ a E aa < u r u ll a E a h
00006_00047397,< i nn a SS A f aa w a l m a g w a t a m i n $ a E aa < i r u D l aa
00006_00047605,< i nn a SS A f a w a l m a r w a t a m i n $ a E aa < i r u ll a h
00006_00049,a ll a z ii n a y u < m i n uu n a b i l g A y
00006_00052,< ii y aa k a n a E a b u d uu w a E ii y aa k aa n i s t a E ii n
00006_00053,w a s ii q AA ll a * ii n a tt A q A w u r a bb a h u m < i l aa l j a nn a t i j u m uu r
00006_00054,y a w m a n A T w i ss a m aa < a q A T A yy i i j i ll i l i f k u t
00006_00056,w i * jj aa n aa l b a y t a m a ^ aa r a l i m i n aa s i w a < a m n aa
00006_00056450,w a < i * j a E a n a r i t a y t a m a ^ aa b a t a b i m nn aa s i m u E a m n aa
00006_00057,l a < a k a l uu m i n f a w q I h i w a m i n t a H t i < a r j u l i h i m
00006_00057507,l a < a k a l u m i n f a w q I h i w w a m i n t a H t i < a r j u l i h i m
00006_0005793,l a < a k a l w a m i n f a w q I l w a m i n t a H t i y r u j u l i h i m
00006_00058,q AA l aa r a bb b n aa < i nn a x AA f u < a n y a ff u r U T A E a l a y n aa
00006_00059,w a l a n t a s t A T I y a uu < a n t a E d i l uu b a y n aa nn nn i s aa < i w a l a w H a r a s t m
00006_00060,w a m a n < a z d A q U m i n ll a h i H a d ii f aa
00006_00061,S I r AA T A l l a * ii n a m aa E a n t a E a l a y m a * a l a i a H k uu b i E a n a y h i m w a l aa a E a ll ii n
00006_00062,f a m a n TT U rr a g A y r a w aa g w a l aa E E aa d m f a l aa < i ^ m a E a l a y
00006_00062460,a m a n tt u rr a g A y r a b AA g I w a l aa E aa d f a l aa < i ^ m a E u l a y h
00006_00064,w aa s m a g II y r a m u s m a E
00006_00067,< i nn a m aa n a H n u f i s n a f a l aa t a k f a r
00006_00067847,< i nn a m aa n u H n u f I S m a f a l aa t a k ^ u r
00006_00068,w a TT A f H a k uu n a w a l aa t a kk uu n
00006_00070,w a j a d a h aa T A T l a E w E a l aa q U m i l a m n a j E a l
00006_00072,w A q t u l uu h u m H a y ^ a q I f t uu h m
00006_00072478,w A q t u l uu h u m H a y ^ a q I f t uu m uu h u m
00006_00073,f a w a ll i w a $ h a k a $ A T r a l m a s j i d i l H a r aa m
00006_00073674,f a w a l i y w a $ h aa k a $ A T r a l m a s j i d i l H a r aa m
00006_00074,w a l aa j u n aa E a E a l a y k u m
00006_00075,f U SS f a E a n h u m w A q U l s a l aa m
00006_00075856,A S f a E a n u h u m w A q l s a l aa m
00006_00078,w a l aa < A q UU l u l i ll a * ii l ii n a t a s t a r ii < a E a y uu n u k u m
00006_00080,w a w aa E a nn aa m uu s a ^ a l aa ^ ii n a l a y n a
00006_00081,f A D AA q A t w a b aa l a < a m r i h aa
00006_00084,w a < i nn ii r u tt t u b i r a bb i y w a r a bb i k u m
00006_00084471,w a < i h i m ii u t t b i r a kk i w a r a bb i k u m
00006_00085,m aa y u H a < i l a yy a m i n r a rr a r a bb
00006_00086,w A DD x r u f aa w a < i n k u ll u * a l i k
00006_00086856,w A Z x r u f aa w a < i n k u ll u * a E l i k
00006_00086982,w A Z U x r u f aa w a < i n k u ll u * aa l i k
00006_00087,E i n d a h aa r i s q AA q AA l
00006_00090,w a y a m $ ii f i l < a s w aa k
00006_00093,l aa < i k r aa h a f ii dd ii n i q A tt a b a y a n a r u j d u m i n a l g A y
00006_00093212,l aa < i k r aa h a f ii tt ii n i q A d a b a y a n a r u j j u m i n a l g A y
00006_00093392,l aa < i k r aa h a f ii dd ii n i q A tt a b a y y a n a u j d u m i n a l g A y
00006_00093853,l aa < i k r aa h a f i tt ii n i q A d a f a y a n a f r u j t u m i n a ll g a y aa
00006_00096,l i y a z i y a ll a * ii n a < aa m a n uu E a m i l uu SS AA l i H aa t
00006_00096658,l i y a zz ii y a ll a * ii n a E a m a n uu w a E m i l uu SS AA l i H aa t
00007_00002,< a l nn a ll a h a b a r ii < u m i n a l m u $ r i k ii n a w a r a S uu l i h ii
00007_00005,y u x $ ii k u m u n u E aa s a < a m n a t a m i n
00007_00007,< a ll a h u ll a * ii x A l a k a k u m m i n Z U E f
00007_00008,< a m t A q UU l uu n a < i nn a < i b r aa h ii m a w a i s m aa E ii l a w u i z H AA q A w a y a E q UU b a w a l < A S b AA T A k aa n w u h uu d aa < a w n a S E AA r a E aa
00007_00009,w a k a * aa l i k a j a E a nn aa k u m < u m m a w A S A T AA
00007_00010,< a l E u b A S A T A ll a E a h u rr i s q A l i E i b aa d i h
00007_00011,w a < A S A rr u a d aa m a t a l a mm aa r a < u l E a * aa b
00007_00012,h a l < a d u l a k a E a l aa j a j a r a t i l x U l d
00007_00013,w a < i nn a m i n h u m l a f a r ii q AA y a l w uu n a < a l s i n a t h u m b i l k i t aa b
00007_00013171,w a < i nn a m i n h u m l a f a r ii q AA y a l uu n a < a l s i n a t u h u m b i l k i t aa b
00007_00013691,w a < i nn a m i nn h u m l a f a r ii q AA y a l uu n a < a n s i n a t u h u m b i l k i t aa E a b
00007_00014,s i l b a n ii < i s r aa < ii l a k a m t a y n aa h u m m i n < aa y a b ii y i n a
00007_00016,l A q A d k aa n a f ii y uu s u f a w a < a x w a t i h i < aa y aa l i ss a < i r ii n
00007_00017,w aa s l u E a l a y h i m n a b aa < i b r aa E a h ii m
00007_00018,w a H ii n a T A Z A E uu n a ^ i y aa b a k u m m i n a TT A h i r a
00007_00021,f a < i * aa h u m m i n a l < a j d aa * i < i l aa r a bb i h i m y a n s i l uu n
00007_00021417,f a < i * aa h u m m i n a l < a j d a E a * i < i l aa g r a bb i h i m i n s i l uu n
00007_00022,l A q A d k a f a r a ll a * ii n a q AA l uu < i nn a ll a h a ^ aa l ii ^ a l aa ^ a
00007_00027,f a h i y a < i l aa l < A * q AA n i f a h u m m U q m a H uu
00007_00028,w a Z aa ll a l n aa h aa l a h u m f a m i n h aa r u k uu b i h i m
00007_00028175,w A Z A ll a l n aa h aa l a h u m f a m i n h aa r u k uu b u m
00007_00029,l i ll a * ii n a t a s d a r ii < a E y u n u k uu m
00007_00030,* aa l i k u m < a s k aa l a k u m w a < A T h aa r
00007_00030656,* aa l i k u m < a s k aa l a k u m w a < A T h a r
00007_00031,b i b I D AA E a m u s j aa t f a < a w f ii
00007_00032,l i y a s l I q UU n a k a b i < a b S AA r i h i m
00007_00033,< a ll a * ii y u s t ii l a k u m u l f u l k
00007_00033433,< a ll a d ii y u S j ii l a k u m l f u l k
00007_00035,< i nn a ll a h a g A n ii y a E a n aa l E aa l a m ii n
00007_00038,w a < i * q AA l a b r a E a h ii m u r a bb u < u j E a l h aa * aa l b a l a d a < a E aa m i n aa
00007_00038806,w a < i * q AA l a < i b r aa h ii m u r a bb uu uu $ a h aa l h aa * aa l b a l a d a < a E aa m i n aa
00007_00039,w a < u l aa < i k a h u m u l m u f l i H ii n
00007_00039791,w a < u l aa < i k a h u m u l m u f l i H ii n
00007_00040,* aa l i k a l k i t aa b u l aa r a y b u f ii
00007_00040814,* aa l i k a l k i t aa b u l aa aa r a y b u f i ii
00007_00041,w a m aa m u H a mm a d < i ll aa r a s uu l aa
00007_00041406,w a m a m u H a mm a d < i ll aa r a S UU l
00007_00042,w a k a * aa l i k a j a E a nn aa k u m < u mm a w A S A T
00007_00042693,w a k a * aa l i k a j a E a nn aa k u m < u m a t w A S A T
00007_00043,w a E d a ll a h i l aa y u x l i f u ll a h a w a E d a
00007_00043373,w a E d aa ll a h i l aa y u x l i f u ll a h a w a E d a h
00007_00044,f a s a bb i H b i s m a r a bb i k a l E A Z II m uu
00007_00044246,f a s a bb i H b i s m ii r a bb i k a l E A Z II m
00007_00044529,f a s a i H b i s m ii r a bb i k a l E A Z II m uu
00007_00044946,f a s a bb i H b i s i m ii r a bb i k a l E A Z II m
00007_00045,< U q UU d u h aa nn aa s i w a l H i j aa r a
00007_0004533,w U q UU d u h aa nn aa s i w a l H i j aa r a
00007_00045589,< U q UU d u h aa nn aa s i w a l H i j aa r a
00007_00047,< i nn a SS A f a w a l m a r w a t a m i n $ a E aa < i r u ll a h
00007_00049,< a ll a z ii n a y u < m i n uu n a b i l g A y b i
00007_00050,E d ii n a zz i r AA T A l m u s t A q II m
00007_00051,q AA l l aa t a x AA f < i nn a n ii m a E k u m a < a s m a E w a < a r aa
00007_00052,< ii y a k a n a E b u d uu < ii y aa k a n i ss a E ii m
00007_00052243,< ii yy y aa k a n a E b u d w a < ii y aa k a n i s t a E ii y aa
00007_00054,y a w m a n A T i ss a m aa E aa q A T II yy i ss i j i ll i l l k u t u b
00007_00056,w a < i * j a E a nn aa l b a y t a m a ^ aa b a l i nn aa s i w a < a m n aa
00007_00057,l a < a E a k i l uu m i n f a w q I h i w a m a n t a H t i < a r j u l i h i m
00007_00060,w a m a n < a z d A q U m i n ll a h i H a d ii ^ aa
00007_00061,S I r AA T A ll a * ii n a < a n E a m t a E a l a y h i m g A y r i l m a g D UU b i E a l a y h i m w a l A q T AA ll ii n
00007_00062,^ a m i n a TT U rr a g A y r a b aa g w a l aa E aa d f a l aa < i ^ m a E a l a y
00007_00063,w A q AA t i l uu f ii s a b ii l i ll a h i ll a * ii n a y U q AA t i l uu n a k u m w a l aa t a H t a d uu
00007_00066,w a < u x r a aa l a m t A q d a r uu E a l a y h aa q A d < a H aa T A ll a h u b i h aa
00007_000669,w a < u x r a l a m T A q d a r uu E a l a y h aa q A d < a H AA T A ll a h u b i h aa
00007_00067,< i nn a m aa n a H n u f s n a f a l < a t a k f uu r
00007_00069,l a w l aa < a n * a bb a t n aa k a l A q A d k i dd a < t a r k u n a < i l a y h i m $ a y < aa q A l ii l aa aa
00007_00069899,l a w l aa < a n ^ a bb a t n aa k a l A q A D i dd a t a r k u n aa E i l a y h i m $ a y < a q A l ii l aa
00007_00071,w a m i n $ a rr i a ff aa f aa t i f ii l E U q A d
00007_00072,w A q t u l uu h u m H a y ^ u ^ A q A f t u m uu h u m
00007_00073,^ a w a ll i w a $ h a kk a $ A d r aa l m a s j u d i l H a r E aa m
00007_00073682,f a w a l i w a $ h a k a $ A T r a l m a s j i d i l H a r aa m
00007_00074,w a l aa j u n aa E a E a l a y k uu
00007_00075,f A S f a E a n h u m U q U l s a l aa m
00007_00075455,f A S f a E a n h u m a q U l s a l E a m
00007_00075933,f A S f a E a n h u m U q U l s a l aa m
00007_00077,m i n l < a m b aa < i m aa f ii h i m u s t a j r
00007_00079,f a h a l m i n m u tt a k i r
00007_00079926,f a h a l m i n m u tt a k r
00007_00080,w a w aa E a nn aa m uu s aa ^ a l a ^ ii n a l a y l aa
00007_00080234,w a w a E a nn aa m uu s aa ^ a l a t ii n a l a y l aa
00007_00081,f A D AA q A t w a b aa l a < a m r i h aa
00007_00082,q AA l a m a E AA Z A ll a h i < a nn a < x U *
00007_00082451,q AA l a m a E AA D U ll a h i < a nn a < x U d
00007_00085,m aa y u H aa < i l ii yy a m i n r a bb
00007_00087,E i n d a h aa r i s q q AA l a
00007_00088,y a H $ a nn aa s h aa * aa E a * aa b < a l ii m
00007_00089,< u H a f a nn aa h u m aa b i n a x l w a j a E a nn a E a Z A y n a h u m aa z a r E aa
00007_00089506,w a H a f aa nn aa h u m a b i n a x l w a j a E a nn aa b a y n a h u m a z a r E aa
00007_00092,< a f a < a aa m a n uu m a k r a ll a h i f a l aa y a < m a n u m a k r a ll a h i < i ll aa l q A w m u l x AA S I r uu n
00007_00092562,< a f a < a E m i n uu n u m a k r a ll a h i f a l aa y a < m a n u m a k r a ll a h i < i ll aa l q A w m u l x AA S I r u m a n
00007_00092945,< a f a < a E m i n uu m a k r aa ll aa f a l aa y a < m a n uu m a k r a ll a h i < i ll aa l q A w m u l x AA S I r uu n
00007_00093,l aa < i k r aa H a f ii dd ii ii n q A tt a b a yy a n aa rr u j j u m i n a l g A y <
00007_00094,w a l i k u ll i n j i h a h u w a m w a ll ii h aa f aa s t a b q U l x A y r aa t
00007_00095,w a < a E d a d n aa l i l k aa f i r ii n a E a * aa b aa m u h ii n aa
00007_00095473,w a < a E d a d n aa l i l k aa f a y ii n a E a * aa b aa u h ii n aa
00007_00095601,w a < a E d a d n aa l i l k aa f i r ii n a E a * aa b aa m u h ii n
00007_00096,l i y a zz i r ll a * ii n a < a m a n uu w a E a m i l uu SS AA l i H aa t
00007_00097969,< a r a H m aa n
00008_00003,w a < i * a b t a l aa D r aa h i m a r a bb a h
00008_00004,n a aa a d ss aa t u m i h aa n a s a l i y
00008_00005,< l a t s a y i s a l aa l a b a E aa i $ a y aa l a l a l j a n i n a n n a n n
00008_00007,< a ll a h aa ll a * ii x A l q A k i n D U E f
00008_00007242,< a ll a h u ll a * ii x A r A q A k m i n b a E f
00008_00007386,< a ll a h u ll a * ii x A l A q A k u m m i n D A E f
00008_00010,w a l a w b a s A T A ll a h u rr i z q A l E i b a E a d i h
00008_00011,w a < a s i r u nn a * aa m a t i r a m a E a r A < a w a l E a d aa E a b
00008_00011126,w a < a s i rr u a d m a t t u l a mm aa r aa w a l E a * aa b aa
00008_00011340,w a < a s a rr u nn a d aa m a t i l a mm aa r a < a w l E a d aa b
00008_00012,E a ll aa t a nn a w k a E a l aa $ a l j a g A t l x U * ii
00008_00012918,h a l < a d a ll a k a E a l aa $ a j a r a t i l x U l d ii
00008_00013,w a < a nn a m i n h u m l a f a r ii q A n i l uu w uu n a a n s a n a t u h u m b i l k i t aa b
00008_00013783,w a < a nn a m a n h u m l a f a r ii q AA n i y a l a w n a E a l s a n a t u h u m b i l k i t aa b
00008_00014,s a l b a n i i s r aa < ii r a k a m t a y n aa h u m m i n < aa y a b a yy n a
00008_00015,y a s < a l i k a < a h l u l k i t aa b i y a n t i l a E a l a y h i m k i t aa b m i n ss a m E aa <
00008_00017,w a < a tt l u E a l a y h i m n a b a i b r aa h ii m
00008_0001752,w aa t l u E a l a y h i m n a b aa a d r aa h ii m a
00008_00018,w a H i y a n a t A D A E uu n a f i y aa b a k u m m i n DD A h i r a
00008_00020,f a E h aa < a rr aa d i f a t
00008_00021,f a y i dd aa h u m m i n a l E a j d aa ^ i i l a r a bb i h i m y a s ii l uu n
00008_00022,l A q A d k a f a r a ll a * ii n a q AA l uu < i nn a ll a h a < aa l ii ^ a l aa ^ a
00008_00022573,l A q A d k a f a r a ll a * ii n a q AA l E i nn a n ll a h aa E aa l i ^ a l aa ^ a t n
00008_00023,q AA l a k a m l a b m f ii l < a r D I E a d a d a ss a n ii n n aa
00008_00026,* aa l i k a < a nn aa a ll aa t a E uu d
00008_00028,w a * a ll aa l n aa h aa l a h u m f a m i n h aa r u f uu b u h u m
00008_00029,l i ll a * ii n a t a z d a r ii < a E y uu n u k u m
00008_00030,* aa l i k u m < a s k aa l a k u m w A T h aa r
00008_00031,b i b i D AA E a t m u z j f a w uu f
00008_00032,l i y a z l I q UU n a k a b i < a b S AA r i h i m
00008_00033,< a ll a * * a y a z $$ i a l a k u m f u l k aa
00008_00033785,< a ll a * ii y a z j ii l a k u m u l f u l k aa
00008_00034,< ii y aa k a n a E b a d
00008_00036,w a < i nn a ll a h i E a l a k a l i $ a y q A d ii r aa
00008_00036267,w a < i nn a ll a E a l a k u ll u $ a y q A d ii r aa
00008_00037,< a l H a m d u E i ll a h i r a bb i l E aa l a m ii n
00008_00038,w i * q AA l a b r aa h ii m a r a bb ii j E a l h aa * aa l b a l a d a E aa m i n aa
00008_00038916,a l a t q AA l a b r aa E ii m a r a bb i j E a l h aa * aa l b a a d a E aa m i n
00008_00039,w u l aa < i k a h u m a l m u f l i h uu n
00008_00042,w a k a * aa l i k a j a E a l n aa k u m < u mm a w A S A T AA
00008_00043,w a E i d a ll a h i l aa y a x l i f u ll a h u w a E d a h
00008_00043831,< a E i d a ll a h i n aa y a x l i h u < a ll a h u w a E d a h
00008_00044,< a s a E a bb i H b i s m a r a bb i k a r a w II n ii
00008_00047,< i nn a SS A f a w a l m a r a t a m i n $ a E aa < i r i ll a h
00008_00048,f a nn a ll a h a y a f E a l u m a y a r ii d uu
00008_00049,< a ll a * ii n a y u E m u n uu n a b i l g A y b ii
00008_00049633,< a ll a * ii n a y u w m i n uu n a b i l q A y b ii
00008_00052,< i y aa k a n aa b u d a E i y aa k a n a s t a E ii n
00008_00053,w a s a yy I q A ll a * ii n a tt A q UU r a bb a h u w i aa l j i nn a t ii j uu m a r aa n
00008_00054,y a w m l a l a j i ss i nn aa E a a t a r ss i jj a rr ii y ii h a t a t a b ii i i a n
00008_00055,w aa E i r a d E a n E i j aa h i l ii n aa
00008_00055778,w a E r a b E a n j a E h i l ii n
00008_00058,q AA l aa b a n aa nn aa n a h aa f a nn a y u l q A E a l a y n aa
00008_00059,w a l a n t a s t A T II E u < a n t a E d i w u b a y n aa m i s aa a w a r a H a r a s t u m
00008_00060,uu m a n < a S t a k uu m i n a ll a h i h a d ii ^ aa
00008_0006023,w a m a n < A S t a g A m i n a ll a h i H a d ii ^ aa
00008_00060635,w A D a n < A s t A q A m i n n a ll a h i H a d ii ^ aa
00008_00062,f a m a n aa TT A rr a g A y r a b aa g w a l a E aa d f a l aa < i ^ m a E a l ii h
00008_00063,w A q AA t i r uu f ii s a b i l i ll a h i ll a * ii n a y I q AA t u n uu n a k u m w a l aa t a E tt a d uu
00008_00064,w a aa ss a n u g A y r aa m u s a l n aa <
00008_00064978,w a E aa s m g A y r a m a s m a E
00008_00064987,w a aa s a m g A y r a m u s a mm aa E
00008_00065,w a m aa k aa n a E T A E r a b a k m a H b uu r aa
00008_00066,r a a x r aa aa l a m t A q d i r uu E a l a y h aa q A t a H aa T ll a h u b i h aa
00008_00067,< i nn a m aa n a H n u f i t n a f a l aa t a k f a r
00008_00067370,< a nn a w aa n a H n u f ii t n a f a l aa t a k f u r
00008_00068,w a t A b H a k uu n a w a l aa t a kk uu n
00008_00068271,w a t a b H a k uu n a w a l aa t a b k uu n
00008_0006884,w a t a b H a k uu n a w a l aa t a b k uu n
00008_00069,l a w l aa < a n ^ a bb a t n aa k a l A q A d k a dd a r a k u nn a E i l a y h i m $ a y < aa q A l ii l aa
00008_00070,w a j a d h aa t A TT A l E a l aa q A w m l a mm a n a j E a l aa
00008_00072,w A q S a l uu h u m H a yy i ^ A q A f t u m uu h u m
00008_00073,a w aa ll i w a j h a k a $ A T A r a l m a z i d u l H a r aa m
00008_00073314,f a w aa ll i w a j h a k a $ A T r a l m a s t i d u l H a r aa m
00008_00073634,f a w a ll i w a j h a k a $ A T r a l m a s t i d u l H a r aa m
00008_00074,w a l aa j u n aa H a E a l a y k aa a
00008_00074937,w a l aa j a n aa H a E a l a y k u m
00008_00076,w a H d ii k a < i l aa r a bb i k a f a t a g $ aa
00008_00078,w a l aa < A q UU l u l i ll a * ii n a t a z d a r ii E a y uu n u k u m
00008_00078911,w a r aa q U l i ll a * ii n a t a z d a r i y aa E y a w n u k u m
00008_00079,f a h a l m i n m u dd a k i r
00008_00080,w a w a E a nn aa m uu s a ^ a l a ^ ii n a l a y l a ^ a n
00008_00081,f a * AA q A t w u b a l a E a m r i h aa
00008_00082,q AA l a m u E aa * aa < a ll a h i E a nn a < x U * aa
00008_00083,f a s aa < a m A T A r l m u n * i r ii n aa
00008_00083264,f a s aa < a m A q A E u l m u n * i r ii n
00008_00083720,f a s aa < a m A T A r u l m u n * a r ii n aa
00008_00086,w a z a x r a f a n < a nn aa k u ll u d a E a l i k
00008_00088,y a x $ a nn aa s a h aa * aa E a * aa b < a l ii m
00008_00089,w a H a t n aa h u m aa b i n a x aa w a j a E a n aa b a y n a h u aa z a r E aa n u n
00008_00089984,w a H a f u n aa E aa h u m aa b i n a x w a j a E a l aa b a y n a h u m aa z a r E aa
00008_00090,w a y a m $ i f ii l a s w AA q q II
00008_00091,a w aa ll i w a j h i k a $ A T r a l m a s j i d u l H a r aa m
00008_00094,w a l i k u ll ii j a h a t n h u w a m a ll i h aa f aa s t a b I q U l x A y r aa t
00008_00095,w aa E t a d n aa l i l k aa f i r ii n a E a * aa b aa m u h ii n aa
00008_00095316,w a E a t a d n aa l i l k aa f i r ii n a E a * aa b aa m u h ii n aa
00008_00097,< a l rr a H m aa n
00008_00097277,< a rr a H m aa n
00009_00000,w a tt A q ll a h a ll a * ii t a s < a l uu n a b i h i w a l < a r H aa m ii
00009_0000012,w a tt A q UU ll a h a ll a * ii t a s < a l uu n a b i h i w a l < a r H aa m ii
00009_00002,< i nn a ll a h a b a r ii < m i n l m u $ r i k ii n a w a r a s uu l u h ii
00009_00002517,< i nn a ll a h a b a r ii < m i n a l m u $ r i k ii n a w a r a s uu l u h ii
00009_00003,w a < i * a b t a l aa < i b r aa h ii m u r a bb a h
00009_00005,y u x $ ii k u m u n u E aa s a < aa m i l a m i n h
00009_00005836,y u x $ ii k u m u u E aa s a < aa m i l a m i n
00009_00007,< a ll a h u ll a * ii x A l a k a k u m m i n DD U E f ii
00009_00008,< a m t A q UU l uu n a < i nn a < i b r aa h ii m a w a < i s m aa E ii l a w a < i z H AA q A w a y a E q UU b a w a l < a s b AA T I k aa n uu h uu d aa < a w n A S AA r aa
00009_00009,w a k a * aa l i k a j a E a l n aa k u m < u mm a t w A S A T AA
00009_00010,w a l a u bb a S A T A ll a h u rr i z q i E i b aa d i h
00009_00013,w a < i nn a m i n h u m l a f a r ii q AA y a l w uu n a < a l s i n a t u h u m b i l k i t aa b ii
00009_00013338,w a < i nn a m i n h u m l a f a r ii q AA y a l uu n a E a l s i n a t u h u m b i l k i t aa b
00009_00014,s a l b a n ii i s r aa < ii l a k a m < a t a y n aa h u m m i n < aa y a t i m b a yy i n a
00009_00016,l A q A d k aa n a f ii y uu s u f a w a < x w a t i h i < aa y E l i ss aa < i l ii n
00009_00016164,l A q A d k aa n a f ii y uu s a f a w a x w a t h i < a y aa l i ss aa < i l ii n
00009_00017,w a s l u E a l a y h i m n a b a l i b r aa h ii m aa
00009_00018,w a H ii n a t A D A E uu n a ^ i y aa b a k u m m i n DD A H ii r a
00009_00018584,w a H ii n a t A Z A E uu n a ^ ii y aa b u k u m m i n ZZ A h ii r a
00009_00021,f a < i * aa h u m m i n l < a j d aa d ii i l aa r a bb i h u m y a n s i l uu n
00009_00021148,f a < i * aa h u m m i n l < a tt aa d i < i l aa r a bb i h i m y a n s i l uu n
00009_00024,^ u mm a $ t a b aa h u r a bb u h u f a t aa b a E a l a y h
00009_00025,w a y a k uu n a tt ii n u l i ll aa
00009_00025327,w a y a k uu uu n a tt ii n u l i ll aa h
00009_00027,f a h ii < i l aa l < A T q AA n i f a h u m w U q m a H uu n
00009_00029,l i ll a * ii n a t a s d a r ii < a E y u n a k u m
00009_00030,* aa l i k u m < a s k aa l a k u m w u < A T h a r
00009_00030121,* aa l i k u m < a s k aa l a k u m w a < A T h a r
00009_00030658,* aa l i k u m < a s k aa l a k u m w a < A T h a r
00009_00031,f i b I D AA E a m u s j aa t f a < a w f
00009_00032,l a y u s l I q UU n a k a b i < a b S AA r i h i m
00009_0003235,l a y u s l I q UU n a k a b i < a b S AA r i h i m
00009_00032538,l a y s l I q UU n a k a b i < a b S AA r i h i m
00009_00036,w a < i nn a ll a h a E a l aa k u ll i $ a y < q A d ii r uu
00009_00036890,w a < i nn a ll a h a E a l aa k u ll i $ a y < aa q A d ii r uu
00009_00037,< a l H a m d u r i ll a h i r a bb a l E aa l a m ii n
00009_00038,w a < i * q AA l a < i b r aa h ii m u r a bb u j E a l H aa * aa l b a l a d a < aa m i n aa
00009_00039,w a < u l aa < i k a h u m u l m u f l u H ii n
00009_00040,* aa l i k a l k i t aa b u l aa r a y b u f ii
00009_00042,w a k a * aa l i k a j E a nn aa k u m < u mm a t w A S A T
00009_00042681,w a k a * aa l i k a j a E a nn aa k u m < u mm a t h aa w a s A T
00009_00043,w a E d a ll a h i l aa y a x l i f u ll a h a w a E d a h
00009_00045,w U q UU d u h aa nn aa s i w a l H i j aa r a
00009_00045163,w U q UU d u h aa nn aa s i w a l H i j aa r a
00009_00046,l i k a y l aa y a k uu n a d a w l a b a y n a l < a g n i y aa < i m i n k u m
00009_00048,< i nn a ll a h a y a f E a l u m aa y u r ii d aa
00009_00048171,< i nn a ll a h a y a f E a l u m aa y u r ii d aa
00009_00050,< a h d i l a zz I r AA T A l m u s t A q m
00009_00051,q AA l a l aa t a x AA f a < i nn a n ii m a E k u m aa < a s m a E uu w a < a r aa
00009_00052,< i y aa k a n a E b u d u w a < ii y aa k a n i s t a E ii n
00009_00053,w a s ii y ii q A ll a * ii n a tt A q UU r a bb u h u m < i l aa l j a nn a t i z u m u r aa
00009_00055,w a E a r a d E a n aa jj aa H i l ii n aa
00009_00055597,w a E r A D E a n i jj aa H i l ii n aa
00009_00056,w a < i * j a E a nn a l b a y t a m a ^ aa b a t aa ll i nn aa s i w a < a m aa n aa
00009_00058,q AA l a r a bb u n aa < i nn aa n a x AA f u < a n y a f r U T A E a l a y n aa
00009_00062,f a m a n U TT A rr a g A y r a b aa g w a l aa E aa d f a l aa < i ^ m a E a l a y h
00009_00063,w A q AA t i l uu f ii s a b ii l i ll a h i ll a * ii n a q AA t i l uu n a k u m w a l aa t a H t a d uu
00009_00065,w a m aa k aa n a E A T AA < u r a bb i k a m a H * uu r aa
00009_00065825,w a m aa k aa n a E A T AA < u r a bb i k a m a H * uu r aa
00009_00066,w a < u x r aa l a m u t q A t i rr uu E a l a y h aa q A d < a H AA T A ll aa h u b i h aa
00009_00066820,w a < u x r aa l a m u tt q A d ii r uu n a E a l a y h aa q A d < H aa T a ll a h u b i h aa
00009_00066942,w a < u x r aa l a m u t q A d i r uu E a l a y h aa q A d < a H AA T A ll a h u b i h aa
00009_00067,< i nn a m aa n a H n u f i s n a f a l aa t a k f u r
00009_00070,w a j a d a h aa t A T l a E u E a l aa q A w m l a m n a j E a l
00009_00071,w a m i n $ a r i a ff a f aa t i f ii l E U q A d
00009_00071751,w a m i n $ a rr n a ff a f aa t i f ii l E U q A d
00009_00071823,w a m i n $ a rr i a ff aa f aa t i f ii l E U q A d
00009_00072,w A q t u l uu h u m H a y ^ u ^ A q I f t u m uu h u m
00009_00072210,w A q t u l uu h u m H a y < u ^ A q I f t u m uu h u m
00009_00072818,w A q t u l uu h u m H a y < u ^ A q I f t u m uu h u m
00009_00073,f a w a ll i w a $ h a k a $ a T r a l m a s j i d i l H a r aa m
00009_00075,f A S f a H E a n h u m w A q U l s a l aa m
00009_00075452,f A S f a < E a n h u m w A q U l s a l aa m
00009_00075708,f AA SS f a < a E a n h u m w A q U l s a l aa E aa m
00009_00075952,f A S f a < E a n h u m w A q U l s a l aa m
00009_0007598,f A S f a < E a n h u m w A q U l s a l aa m
00009_00077,m i n l < a n b aa < i m aa f ii h i m u s t a j i rr uu
00009_00077413,m i n l < a m b aa < i m aa f ii h i m u s t a j a rr
00009_0007746,m i n l < a n b aa < i m aa f ii h i m u s t a j a rr
00009_00078,w a l aa < A q UU l u l i ll a * ii t a r t a r ii < a E y u n u k u m
00009_00080,w a w a E a nn aa m uu s aa ^ a l aa ^ ii n a l a y l a
00009_00080457,w a w a < a E a nn aa m uu s aa ^ a l aa ^ ii n a l a y l aa
00009_00082,q AA l a m a E AA D A ll a h i < a nn a < x U * a
00009_00084,w a < a nn ii E u tt t b i r a bb ii w a r a bb u k u m
00009_00085,n aa y u H aa < i l ii yy a n aa rr a bb ii
00009_00086,w a D x r u f aa w a < i n k u ll u * aa l i k
00009_00088,y a H $ a nn aa s a h aa * aa E a * aa b < a l ii m
00009_00088966,y a H $ a nn a < aa s u h aa * aa E a * aa b < a l ii m
00009_00090,w a y a m $ ii f i l < a s w aa k ii
00009_00091,f a w a ll i w a j h a k a $ A T r aa l m a ss i t u l H a r aa n
00009_00092,f a < aa m i n uu m a k r aa ll a h i f a l aa y a < a m a n u m a k r a ll a h i < i ll aa l q A w m u l x AA S I r uu n
00009_00093,l aa < i k r aa h a f ii dd ii n i q A d a b a yy n aa rr u j d u m i n a l g A y
00009_0009346,l aa < i k r aa h a f ii dd ii n i q A tt a b a yy n a rr u j d u m i n a l g A y
00009_00093888,l aa < i k r aa E a f i dd ii n i q A tt a b a yy a n aa rr u j d u m i n a l g A yy
00009_00096,l a y a z ii y a ll a * ii n a < aa m a n uu w a E a m i l uu SS AA l i H aa t
00009_00097,< a l rr a H m aa n
00009_00097683,< a l rr a H m aa n
00010_00000,w a tt A q UU ll a h u ll a * ii t a s aa < a l uu n aa b i h i w a l < a r H aa m ii n
00010_00000292,w a tt A q UU ll a h a ll a * ii t a s aa < a l uu n a b i h i w a l < a r H aa m
00010_00001,< i nn a m aa y a x $ a ll a h a m i n r i b aa d i h u l E u l a m aa < uu n
00010_00005,y u x $ ii k u m u n u E aa s a < a m l a m i n h uu n
00010_00005483,y u x $ ii k u m u n n u E aa s a < a m l a m i n h uu n
00010_00007,< a l ll a h u ll a * ii x A l a k a k u m m i n D U E f
00010_00008,< a m t A q UU l uu n a < i nn a < i b r aa h i m aa w a < i s m aa E ii l aa w a < i z H AA q A w a y a E q UU b a h u l < A S b AA T I k aa n u h uu d aa < a w n A S AA r aa
00010_00009,w a k a * aa l i k a j E a l n aa k u m < u mm a w A S A T AA
00010_00009267,w a k a * aa l i k a t a E a l n aa k u m < u mm w a w A S A T AA
00010_00010,w a l a w b A S A T A ll a h u rr i z q A l i E i * aa d i h
00010_00011,w a < A S A rr nn a d aa m a t a l a mm aa r a < a w a l E a * aa b aa
00010_0001155,w a < A S A rr u n a d aa m a t a l a mm aa r a < a w a l E a * aa m aa
00010_00012,h a l < a d u ll u k E a l aa t u j a r a t i l x U l d ii
00010_00014,s a l b a n ii < i S r aa < ii l a k a m t a y n aa h u m m i n < a E aa y a b a yy i n a
00010_00015,y a s < a l u k a < a h l u l k i t a w b i < a n t u n aa zz i l E a l a y h i m k i t aa b aa m i n a ss a m aa < i
00010_00019,< a f A T A T m a E uu n a E a n y u < uu i n uu l a k u m
00010_0001947,< a f A T A T m a E uu n a < a n y u < u m i n uu l a k u m
00010_00020,b a E u h aa rr AA d i f a t h
00010_00021,f a < i * aa h u m m i n a l < a j d aa f i < i l aa r a bb i h i m y a n s i l uu n aa
00010_00023,q AA l aa k a m l a b i t h uu m a f ii l < a r D I E a d a l a s i m ii y uu
00010_00024,^ u mm a $ t a b aa h u r a bb u b u b a t aa f a E a l a y h
00010_00026,* aa l i k a < a nn aa E a ll aa t a E uu l
00010_00026103,* aa l i k a < a nn aa < a ll aa t a E uu l uu
00010_00028,w A Z A ll a l n aa h aa l a h u m f u m i n h aa r u k f uu b u h uu m
00010_00029,l i ll a * i h i n a t a s t a r i < a E a y u n u k uu n
00010_00030,* aa l i k u m < a s k aa l a k u m w a < A T h a r uu
00010_00031,b i b I D AA E a m U s j aa E a < a w ii
00010_00032,l ii y U S l i f uu n a k a b i < a w S AA r i h i m
00010_00033,< a ll a * ii y u s j a l a k u m u l f u l k aa
00010_00034,< ii y aa k a n a E b u d uu
00010_00035,< i nn a ll a h a g A n ii y a E a n ii l E aa l a m ii n
00010_00036,w a < i nn a ll a h a E a l aa k u ll i $ a y < q A d ii r
00010_00036458,w a < i nn a ll a h a E a l aa k u ll i $ a y < q A d ii r
00010_00037,< a l H a m t u E i ll a h i r a b a E E aa l a m ii y aa
00010_00037684,< a l H a m d u l i ll a h i r a b a l E aa l a m ii n aa
00010_00038,w a < i d q AA l a < i * r aa h ii m u r a bb u j E a l h aa * aa l b a l a d a < aa m i n aa n
00010_00040,* aa l i k a l k i t aa b u l aa r a y b U f ii h
00010_00042,w a k a * aa l i k a j a E a l n aa k u m < u m w a t w a S A T
00010_00042723,w a k a * aa l i k a j a E a l n aa k u m u < u mm a w A S A T
00010_00043,w a E a d a ll a h i l a y u x l i f u ll a h a w a E d a h m
00010_0004360,w a E d a ll a h i l aa y u x l i f u ll a h a w a E d a h u m
00010_00045,w U q UU d u h aa nn aa s i w a l H i j aa r a
00010_00046,l i $ a yy i l aa y a k uu n aa d uu l a t uu b a y n aa l < a g n i y aa E i m i n k uu n
00010_00048,< i nn a ll a h a y a f E a l u m u a i n u r ii d aa
00010_00049,< a ll a * ii n a E i < u m i n uu n i b i l g A y D ii
00010_00049226,< a ll a z ii n a y a < m i n uu n a b i l g A y b ii
00010_00049522,< a ll a z ii n a y u < uu n n uu n a b i l g A y b ii
00010_00049623,a ll a z ii n a y < u m n u n a l b i l a y ii b ii n
00010_00050,i h d i n aa DD I r r A T A l m u s t A q II m a
00010_00052,< ii y aa k a n E a b u d uu w a < ii y aa k aa n i s t a y n
00010_00053,w A S II q AA ll a * ii n a tt A q A w r a bb a h u m < i l aa l j a nn a t i z u m uu r AA n
00010_00053783,w a s ii q AA ll a * ii n a tt A q A w r a bb a h u m < i l aa l j a nn a t ii z u m u r uu n
00010_00054,y a w m a n a T UU ss a m aa < a q A T II yy i S i jj i ll i l i l k u t u w ii
00010_00054974,y a w m a n A T U i ss a m aa < A q A T II yy i S I j i l l i l i l k u t u b
00010_00056,w a < i * j a E n aa l b a y t a m a ^ aa b a a l i nn aa s i w a < a m n aa
00010_00058,q AA l aa r a b n aa < i nn aa n a x AA f u < a n y a f r U D U E a l a y n aa
00010_00059,w a l a n t a s t A T II E uu < a n t a E d i l uu w a y n aa nn i s aa < i w a l a w H a r a s t uu n
00010_00061,S I r AA T A ll a * ii n a < a n E a n t a E a l a y h i m r A y r i l m a b D UU b i E a l ii h i m w a l a f AA ll i y n aa
00010_00062,^ a m a n U tt U rr a g A y r a b aa g w a l aa E aa d f a l aa < i ^ m a E a l a y h
00010_00063,w A q AA t i l uu f ii s a b ii l i ll a h i ll a * ii n a y U q AA t i l uu n a k u m w a l aa t a H t a d uu
00010_00064,w a s m aa g A y r a m U S m a E a
00010_00066,w a < a x r aa l a m t A q T I r u E a l a y h aa q A d < a H AA T A ll a h u b i h aa
00010_00067,< i nn a m aa n a H n u f ii s n a f a l aa t a k f u r
00010_00067935,< i nn a m aa n a H n u f i s n a f a l aa t a k f uu r
00010_00068,w A T A D H a k uu n a w a l aa t a k k uu n aa
00010_00068299,w A T A D H a k uu n a w a l aa t a b k uu n
00010_00069,l a w l aa < a n ^ a bb a t n aa k a l A q A d k i tt aa a k n u < i l a y h i m $ a y < a m q A l ii l aa
00010_00070,w a j a d a h aa tt A q f u E u E a l aa q A m w i l l a m n a t E a l
00010_00070842,w a j a d a h aa t A T l u E u E a l aa q A m m i n l a m n a j E a l
00010_00071,w a m i n $ a rr i a ff a f aa t i f ii l E U q A d ii
00010_00072,w A q t u l uu h u m H a y ^ A q I f t u m uu h uu
00010_00074,w a l aa j u n aa E a E a l a y k m
00010_00078,w a l aa < a q UU l u ll a * ii n i t a s t a r ii < a E y u n u f uu n
00010_00078416,w a l aa < A q UU l uu l i ll a * ii n a t a s t a r ii < a E y u n u k u m
00010_00078554,w a l aa < A q UU l u l i ll a * ii n a t a z t a r ii < a E y u m u k uu n
00010_00079,f a h a l m i n u tt a k i r ii n
00010_00080,< a w aa E a nn aa m uu s aa ^ a l aa ^ ii n a l a y l a
00010_00082,q AA l a m a E a h A Z A ll a h i < a nn a < x U * aa
00010_00083,f a s aa < a m A T A r u l m u m Z A r ii n a
00010_00083914,f a s aa < a m a f u r u l m u n Z A r ii y n aa
00010_00085,m aa y uu H aa < i l a yy a m i n r a r a bb ii
00010_00086,w A Z x r u f aa w a < i n k u ll u * aa l i k
00010_00086184,w A D x r u f aa w a < i n k u ll u * aa l i k
00010_00087,E i n d a h aa r i s q q AA l aa
00010_00088,y a H $ a nn aa s a h aa * aa E a * aa b < a l ii m
00010_00089,w a H a ff a n aa h u m w aa b i n a x k w a j a E a l n aa b a y n a h u m w aa z a r E a h aa m
00010_00089583,w a H a f a n aa h u m b i n a x l i w a j a E a l n aa b a y n a h u m aa z a r E aa
00010_00090,w a y a m $ ii f ii l < a s w aa k ii
00010_00090346,w a y a m $ ii f ii l < a s w aa k ii
00010_00091,f u w a l i w a j h a k a $ A T r a l m a s z i d i l H a r aa m ii
00010_00093,l aa < i k r aa h u f ii dd ii n i q A d a b a yy a n a rr u jj uu m i n l g A yy ii
00010_00093284,l aa < i k r aa h a f ii dd ii n i q A d a b a yy i n a rr u j d u m i n a l g A yy ii l
00010_00093522,l aa < i k r aa h a f ii dd ii n i q A d a b a yy a n a r u j t u m i n a l g A yy ii n
00010_00094,w a l i k u ll j a h a h u w a m u ll i y a h aa f aa ss t a b I q U l x A y r aa t ii
00010_00094983,w a l i k u ll i j a h a t h u w a m u w a ll i y a h aa * aa s t a b I q U l x A y r aa t ii
00010_00095,w a < a E a d a d n aa l i l k aa f i r ii n a E a * aa * aa m u h ii n aa
00010_00096,l i y a zz t i ll a * ii n a < aa m a n uu w a E a m i l uu SS AA l i H aa t ii
00010_00096620,l i y a zz i ll a * ii n aa < a w a n uu E a m l u SS AA l i H aa t
00011_00000,w a tt A q UU ll a h a ll a * ii t a s aa < a l uu n a b i h i w a l < a r H aa m
00011_00001,< i nn a m aa y a x $ a ll a h u m i n E i b aa d u h u l E u l a m aa
00011_00003,w a < i * a b t a l aa < i b r aa h ii m u r a bb u h
00011_00004,n a H n u l aa n u n s ii < aa y a
00011_00004346,n a H n u l aa n a n s aa < a y a
00011_00005,y a x $ ii k u m u nn u E aa s a < a m aa n a m i n h uu
00011_00006,w a l y a s t a E i f ii ll a * ii n a l aa y u j ii d uu n a n i k aa H aa
00011_00007,< a l ll a h a ll a * ii x A l a k u k u m n Z U E f
00011_00008,< a m t A q UU l uu n a < i nn a < i b r aa h ii ii m a w a < i s m aa E ii l a w a < i z H AA q A w a y a E q UU b a w a l < a s b AA T A k aa n u h uu d aa < a w n a S aa r aa
00011_00009,w a k a * aa l i k a j a E a nn aa k u m < u mm a t w a S A T A AA
00011_00010,w a l a w b A s A T A ll a h u rr i z q A l i E i b d i h
00011_00010585,w a l a w b a S A T A ll a h u r j i z q A l i < i b a j i h
00011_00011,w a < a S A rr nn a d aa m a t a l a mm aa r a < a w l E a * aa b
00011_00013,w a < i nn a m i n h u m l a f a r ii q AA y a l uu n a < a l s i n a t a h u m b i l k i t aa b
00011_00013150,w a < i nn a m i n h u m l a f a r ii q AA y a l uu n a < a l s i n a t a h u m b i l k i t aa b
00011_00013280,w a < i nn a m i n h u m l a f a r ii q A n y a l uu n a < a l s i n a t a h u m b i l k i t aa b
00011_00013709,w a < i nn a m i n h u m l a f a r ii q AA y a l uu n a < a l s i n a t a h u m b i l k i t aa b
00011_00017,q AA l a nn a b ii S A ll aa ll a h u E a l a y h i w a t a ll a m
00011_00017288,q AA l a nn a b ii ii S A ll aa ll a h u E a l a y h i w a s a ll a m
00011_00017537,q AA l a nn a b ii ii S A ll aa ll a h u E a l a y h i w a s a ll a m
00011_00018,w a H ii n a t A Z A E uu n aa ^^ i y aa b a k u m m i n DD A h ii r a
00011_00019,< a f a t A T E a m uu n a < a n y u < m i n uu l a k u m
00011_00019508,< a f A T A T m a E uu n a < a n y u < m i n uu l a k u m
00011_000199,< a f A T A T m a E uu n a < a n y u < m i n uu l a k u m
00011_00020,t a b a E u h aa rr aa d i f a
00011_00023,q AA l a k a m l a b i tt u m f ii l < a r D I E a d a d a s a n ii n
00011_00024,^ u mm a t a f aa x A r a r a bb a h u b i * aa l i k a f a t aa b a E a
00011_00024588,^ u mm a t a f aa x A r a r a bb a h u b i * aa l i k a f a t aa b a E a n h
00011_00024909,^ u mm a t a f aa x A r a r a bb a h u b i * aa l i k a f a t aa b a E a n h
00011_00026,* aa l i k a < a nn aa < a n aa t a E uu l
00011_00026390,* aa l i k a < a nn aa < a n aa t a E uu l uu
00011_00027,f a h i y a < i l aa l < a * q AA n i f a h u m m U q m a H uu n
00011_00028,w a < a E Z A y n aa h u m w a m i n h u m y a r k a b uu n
00011_00032,l i y a s l I q UU n a k a b i < a b S AA r i h i m
00011_00033,< a ll a * y u s j ii l a k m a l f u l k
00011_00033564,< a ll a * ii y u s j ii ii l a k u m u l f u l k
00011_00034,< ii y aa k a n a E b u d
00011_00035,< i nn a ll a h a g A n ii y aa E a n l E aa l a m ii n
00011_00036,w a ll a h u q AA d i r E a l aa k u ll i $ a y <
00011_0003621,w a ll a h u q AA j u r E a l aa k u l i $ a y
00011_00036297,w a ll a E h u q AA d i r aa E a l aa k u ll i $ a y <
00011_00037,< a l H a m d u l i ll a h i r a bb a l E aa l a m
00011_00038,^ u mm a q AA l a < i b r aa h ii m a E a l a y h i ss a l aa m h aa * aa < u m ii n
00011_0003819,^ u mm a q AA l a < i b r aa h ii m a E a l a y h i ss a l aa m a E aa * aa < u m ii n
00011_0003853,f A q AA l a < i b r aa h ii m a E a l a y h i ss a l aa m a h aa * aa < u m ii n
00011_00038685,^ u mm a q AA l a < i b r aa h ii m a E a l a y h i ss a l aa m a h aa * aa < u m ii n
00011_00039,w a < u l aa < i k a h u m u l m u f l i x ii n
00011_00039774,w a < u l aa < i k a h u m l m u f l i x ii n
00011_00040,h aa * aa l k i t aa b i l a y s a l a d a y h i l k a ^ ii r u m i n l m a E l
00011_00041,w a m aa m u H a mm a d < i ll aa r a s uu l
00011_00041819,u < a mm aa m u H a mm a d ii a r a s uu l
00011_00042,w a k a * aa l i k a j a E a n aa k u m < u mm a w A S A T
00011_00042590,w a k a * aa l i k a j a E a l aa k u m < u mm a t w a s A T
00011_00043,w a E a d a ll a h u l aa y a t a x A ll aa E a w a E d i h
00011_00044,f a H m i dd < i s m a r a bb u k a l q A d ii r
00011_00047,< i nn a SS A f aa w a l m a r w a t a m i n $ a E aa < i r u ll a h
00011_00050,i h d ii n a zz I r AA T I l m u s t A q II n
00011_00051,q AA l a l aa t a x AA f aa < i nn a n ii m a E k u m aa < a s m a E w a < a r aa
00011_00053,w a s ii q AA ll a * ii n a tt A q A w r a bb a h u m < i l aa l j a nn a t ii z u m u r aa
00011_00054,y a w m a n A T w i ss a m aa < a q A T II y i s i j i ll i l i l k i t aa b
00011_00054406,y a w m a n A T U ss a m aa < a q A T II yy h i s i j i ll i l i l k i t aa b
00011_00056,w a < i * j a E a l a l a n aa l b a y t a m a ^ aa b a t a l i nn aa s i w a < a m n aa
00011_00057,l a < a k i l uu m i n f a w f q I h i w a m i n t a H t i < a r j u l i h i m
00011_00058,q AA l a r a bb a n aa < i n aa n a x AA f u < a n y a f r U T A E a l a y n aa
00011_00058358,q AA l aa r a bb a n aa < i nn a n aa n a x AA f u < a n y a f r U T U E a l ii y n aa
00011_00059,u w a l a n t a s t A T II E uu < a n t a E j i l uu b a y n aa m i s aa < i w a l a w H a r a s t m
00011_00060,w a m a n < a z d A q UU m i n a ll a h i H a d ii s aa
00011_00061,S I r aa AA T A ll a * ii n a < a n E a m t a E a l a y h i m g A y r i l m a g D uu b i E a l a y h i m w a l A DD AA l ii n
00011_00061296,s i r AA T A ll a * ii n a < a n a E a m t a E a l a y h i m g A y r i l m a g D UU b i E a l a y h i m w a l A DD AA l ii n
00011_00063,w A q AA t i l uu f ii s a b ii l i ll a h i ll a * ii n a y U q AA t i l uu n a k u m w a l aa t a H t a dd uu
00011_00063814,w A q AA t i l uu f ii s a b ii l i ll a h i ll a * ii n a y U q AA t i l uu n a k u m w a l aa t a H t a d uu
00011_00064,w a < i s m a $$ a x S II l a m y a s i m b i h i m i n q A b l
00011_00064123,w a < i s m a $$ a x S i l a m y a s i m b i h i m i n q A b l
00011_00064888,w a < i s m a $$ a x S II l a m y a s i m b i h i m a n q A b l
00011_00065,w a l a m t a * h a b a E A T II y a t a r a bb i k a s u d aa
00011_00068,< D H a k w a l aa t a b k
00011_00070,w a j a d a h aa b a y T A $ a E b i l a m n a S n a E a h
00011_00071,w a m i n $ a r j i nn a ff aa f aa t i f ii l E U q A d
00011_00073,< a l m a s j i d a l H a r aa m i h u w a j u z < m i n l m a s j i d a l H a r aa m
00011_00074,w a l aa y uu j a jj a n aa H a l a k
00011_00074360,w a l aa y uu j a jj a n aa H a l a k
00011_00076,w a < u h d ii k a < i l aa r a bb i k a f a t a x $ aa E
00011_00078,w a l aa < A q UU l u l i ll a * ii n a t a s t a r ii < a E y u n u k u m
00011_00078123,w a l aa < A q UU l u l i ll a * ii n a t a z t a r ii < a E y u n u k u m
00011_00079,f a E a l m i n m u tt a k r
00011_00079376,h a l h u n aa k a T A r ii q A l i tt a x A ll U S U m i n h
00011_00080,w a w aa E a nn aa m uu s aa s a l E ^ ii n a l a y l a
00011_00082,q AA l a m a E aa Z A ll a h i < a n a < x U * a
00011_00082808,q AA l a m a E AA D A ll a h i < a nn a < x U * aa
00011_00084,w a < i nn ii E u * t u b i r a bb ii w a r a bb u k u m
00011_00084116,w a < i nn ii E u tt t u b i r a bb ii w a r a bb i k u m
00011_00085,m aa y uu H aa < i l a yy a m i n r a bb ii
00011_00089,w a H a f a s n aa h u m aa b i n a x l w a j a E a nn aa b a y n a h u m aa z a r E aa
00011_00092,< a f a < a m i n uu m a k r a ll ll a h i f a l aa y a < m u n u m a k r a ll a h i < i ll aa l q A w m u l x AA S I r uu n
00011_00093,l aa < i k r aa h a f ii dd ii n a q A tt t a b a yy a n aa rr u j d u m i n a l g A y
00011_00096,l i y u zz i y a ll a * ii n a < aa m a n uu w a E a m i l uu SS AA l i H aa t
00011_00097,< a rr a H m a n
00011_00097455,< a rr a H m aa n
00012_00000,w a tt A q A ll a h a ll a * ii tt a s aa E i l uu n a b i h i w a l < a r H aa m ii
00012_00015,a s a < a l u k a h a l aa l k a t a r u b i < a n t u n z i l E a l a y a w f k i t aa b aa m i n ss a m aa <
00012_00018,w a H ii n a tt A Z A E a n a * i y a < ^ i y aa b a k u m i n a l b A h i r a
00012_00024,^ a mm a $ t a * aa h a r a bb u h u Z A t a * a E l i y
00012_00024851,^ u mm a $ t a b aa h a r a bb h u a t aa b a E a l ii
00012_00025,w a y aa k uu n u tt ii n u l i ll a h
00012_00026,* aa l i k a < a nn a E a ll aa t a E w u l
00012_00029,< i ll a * ii n a tt a s t a r ii E a y u n k m aa
00012_00031,f i b I D AA E a t m a s i y aa f a E uu f i
00012_00031361,r i b I D AA E a m i s j aa f a E uu f i
00012_00033,< a ll a * ii y a s ii l a k u m a l f u l k
00012_00034,< i y aa k a n a E b u d
00012_00035,< i nn a ll a h a aa g A n ii E a n a E aa l a m ii <
00012_00040,* a E l i k a l k i t aa b u l aa g A y b u f ii h
00012_00041,w a m aa m u H a mm a d < i ll aa r a s uu l
00012_00043,D a E i d u ll a h i l aa y a x l i f u ll a h a w a E d a h
00012_00043625,w a E d a ll a h i l aa y a x l I ^ u ll a h a w a E a d a h
00012_00045,q UU d u E u nn aa s i w u l H i j aa r a h
00012_00046,l i k a y i l aa y a k uu n a d uu l a b II n aa l E A D n ii E a m i n k uu n
00012_00055,w a E r U D E a n < a j aa h i l ii <
00012_00058,q AA l a r a bb n aa < i n aa n a x AA f aa f r U T E a l ii n aa
00012_00060,w a m a n < a z d A q U m l aa ll a h i H a d ii ^ a
00012_00061,S I r AA T A ll a * ii n a n E a n t a E a l a y h i m g I r i l m a g D U * E a l i m a l aa b UU ll ii
00012_00071,w a m i n s a rr u m a ff a f E aa t i f ii l E U q A T
00012_00075,f A S f a E a n a h u m w A q U l s a l aa <
00012_00078,w a l aa < a q UU l i ll a * ii n a t a s t a r ii aa E a y a n a k u
00012_00082,q AA l a m a E aa T A ll a h i E a n t a < a x A
00012_00084,w a < i m ii E a tt u b i r a bb i w u r a bb i k
00012_00085,l a m a y uu H a E i l a yy E i ll a m r r a bb i l
00012_00086,l A Z A x r a f aa n E a n a k u ll a * aa l i k
00012_00090,w a y a m $ i f ii l < a s w aa k
00012_00090102,w a y a m s i f ii l < a S w aa k
00012_00093,l aa < a k r aa h aa f a dd ii n i q A d a b a yy aa n f l a zz j a w i n u g A y <
00012_00094,w a l a k u ll i w a j i h t h u w aa m u E a ll i h aa * a s t a * u x U l x A y r a t
00012_00097,< a l rr a rr a H m aa n
00013_00000,w a tt A q ll a h i ll a * ii t a s aa < a l uu n a b i h i w a l < a r H aa m
00013_00002,< a nn a ll a h a b a r ii < m i n a l m u $ r i k ii n a w a r a s uu l u h u h
00013_00002671,< a l nn a ll a h a b a r ii < m i n a l m u $ r i k ii n a w a r a s uu l u h
00013_00003,w a < i * i b t a l aa b r aa h ii m u r a bb u h
00013_00003825,w a < i * i b t a l aa < i b r aa h ii m u r a bb u h
00013_00004,m aa n a n s a x UU m i n < aa y a
00013_00004341,m aa n a n s a x U m i n < aa y a
00013_00004826,m aa n a n S A x U m i n < aa y a
00013_00005,y a H $ ii k u m u nn u E aa s a < a m a n a m i n h
00013_00006,w a l y a s t a E i ll a * ii n a l aa y a j i d uu n a n i k aa H aa
00013_00008,< a m t A q UU l uu n a < i nn a i b r aa h ii m a w a < i s m a E ii l a w a i z H AA q A w a y a E q UU b a w a l < A S b AA T A k aa n u h uu d aa < a w n A S AA r aa
00013_00010,w a n a w b A S A t A ll a h aa rr i z q A l i E i b aa d i h
00013_00011,w a < A S A rr u nn a d aa m a t a l a mm aa r a < w u l E a * aa b a
00013_00013,w a < i nn m i n h u m l a f a r ii q AA y a l w uu n a < a l s i n a t a h u m b i l k i t aa b
00013_00017,w a s l uu E a l a yy h i m n a b a < a i b r aa h ii m aa
00013_00017680,w aa s l uu E a l a y h i m n a b a < aa < i b r aa h ii m
00013_00018,w u H a y n aa t A T A E uu n aa S i y aa b a k u m m i n a DD A h ii r
00013_00019,< a f a t A T m a E uu n a < a n y u < m i n u l a k u m
00013_00021,f a < i * aa h u m m i n a l < a j d aa d i < i l aa r a bb i h i m y a n s i l uu n
00013_00022,l A q A d k a f a r a ll a * ii n a q AA l uu i nn a ll a h a ^ aa l i ^ a l aa t a t i <
00013_00022711,l A q A d k a f a r a ll a * ii n a q AA l uu < i nn a ll a h a s aa l i ^ a l aa ^ a
00013_00023,q AA l a k a m l a b f ii l < a r D I E a d a d a s i n ii n
00013_00024,^ u mm a $ t a b a a h u r a bb uu h u f a t aa b a E a l ii y
00013_00025,w a y a k uu n a tt ii n u l i ll a h
00013_00025178,w a y a k uu n a tt ii n u l i ll a h
00013_00029,l i ll a * ii n a t a s t a r ii a E y u n u k u m
00013_00030,* aa l i k u m < a s k a E a l a k u m w a < A T h a r
00013_00031,b i b I D AA E a m u s j aa f a < a w f
00013_00032,l aa y u s l I q UU n a k a b i < a b S AA r i h i m
00013_00033,< a ll a * ii y u s t ii l a k u m l f u l k
00013_00033666,< a nn a * ii y u S ii l a k u m u l f u l k
00013_00034,< ii y aa k a n a E b u d
00013_00035,< i nn a ll a h a g A n ii y t a E a n aa l E aa l a m ii n a
00013_00035731,< i nn a ll a h a g A n ii y t a E a n aa l E a l a m ii n
00013_00036,w a < i nn a ll a h a E a l aa k u ll i $ a y < q A d ii r
00013_00037,< a l H a m d u l i ll a h i r a bb a l E aa l a m ii n
00013_00038,w a < i * q AA l a i b r aa h ii m u r a bb u t E a l h aa * aa l b a l a d a < aa m i n aa
00013_00038552,w a < i * q AA l a < i b r aa h ii m u r a bb u j E a l h aa * aa l b a l a d a < aa m i n aa
00013_00038888,w a < i * q AA l a < i b r aa h ii m u r a bb u j E a l h aa * aa l b a l a d a < aa m i n aa
00013_00039,w a < u w l aa < i k a h u m l m u f l i H ii n
00013_00039267,w a < uu l aa < i k a h u m l m u f l i H ii n
00013_00041,w a m aa m u H a mm a d < i ll aa r a s uu l
00013_00041202,w a m aa m u H a mm a d < i ll aa r a s uu l
00013_00043,w a E d a ll a h i l aa y u x l i f u ll a h a w a E d a h
00013_00044,f a s a bb i H b i s m i r a bb i k a l E A Z II m
00013_00045,w A q UU d u h aa a nn aa s i w a l H i j aa r a
00013_00046,l i k a y l aa y a k uu n a d uu l a t uu b a y n a l < a g n i y aa < i m i n k u m
00013_00047,< i nn a SS A f a w a l m a r w a t aa m i n $ a E aa < i r u ll a h
00013_00048,< i nn a ll a h a y a f E a l u m aa y u r ii d a
00013_00049,< a ll a z ii n a y u < m i n uu n a b i l g A y b ii
00013_00050,h d ii n a SS I r AA T I l m u s t A q II m
00013_00052,< ii y aa k a n a E b u d u w a < ii y aa k a n s t a E ii n
00013_00053,w A S II q A ll a * ii n a tt A q UU r a bb a h u m i l aa l j a nn a t i z u m u r aa
00013_00054,y a w m a n A T w i ss a m aa < a q A T A yy i ss i j i ll i l i l k u t u b
00013_00056,w a < i r a E a n aa a l b a y t a m a ^ aa b a l i nn aa s i w a < a m n aa
00013_00057,l aa < a k a l a w m i n f a w q I h i w a m i n t a H t i < a r j u l i h i m
00013_00057625,l a < a k a l a w m i n f a w q I h i w a m i n t a H t i < a r j u l i h i m
00013_00058,q AA l aa r a bb a n aa < i nn aa n a x AA f U < a n y a f r U T A E a l a y n aa
00013_00059,w a l a n t a s t A T II E u < a n t a E d i l u b a y n a nn i s aa < i w a l a w H a r A S t u m
00013_00060,w a m a n < a z d A q U m i n ll a h i H a d ii ^ aa
00013_00061,S I r AA T A ll a * ii n a < a n E a m t a E a l a y i m g A y r i l m a g T UU b i E a l a yy i m w a l A DD AA ll ii n
00013_00061515,S I r AA T A ll a * ii n a < a n a E a m t a E a l a y h i m g A y r i l m a g D UU b i E a l a y h i m w a l aa DD AA ll ii n
00013_00062,h a m a n < A T U rr a g A y r a b aa g w a l aa E aa d f a l aa < i ^ m a E a l a y h
00013_00063,w A q AA t i l uu f ii s a b ii l i ll a h i ll a * ii n a y U q AA t i l uu n a k u m w a l aa t a H t a d uu
00013_00064,w aa s m aa g A y r a m u s m a E
00013_00065,w a m aa k aa n a E A T AA < u r a bb i k a m a H d uu r aa
00013_00066,w a < u x r aa l a m T A q d I r u E a l a y h aa q A d < a H aa T A ll a h a b i h aa
00013_00068,w a T A T H a k uu n a w a l aa t a b k uu n
00013_00070,w a j a d a h aa T A T l u E uu E a l aa q A w m l a m n a j E a l
00013_00072,w A q t UU l uu uu h u m H a s A q I f t u m uu E
00013_00074,w a l aa j u n aa E a E a l a y k u m
00013_00075,f A S f a E a n h u m w A q U l s a l aa m
00013_00076,w a < a h d ii k a < i l aa r a bb i k f a t a g $ aa
00013_00077,m i n a l < a m b aa < i m aa f ii h i m u s t a j a r
00013_00078,w a l aa < A q UU l u l i ll a * ii n a t a z t a r ii a E y u n u k u m
00013_00079,b a h a l m i n m u tt a k i r
00013_00082,q AA l a m a E AA Z A ll a h i < a nn a < x U * a
00013_00083,f a s aa < a m A T A r u l m u n D A r ii n a
00013_00084,w a < i nn ii E u tt u b i r a bb i w a r a bb i k u m
00013_00086,w A D x r u f aa w a < i n k u ll u * aa l i k
00013_00087,E i n d a h aa r i z q AA q AA l a
00013_00088,y a H $ a nn aa s a h aa * aa E a * aa b < a l ii m
00013_00088273,y a H $ a nn aa s a h aa * aa E a * aa b < a l ii m
00013_00089,w a H a f a n aa h u m aa b i n a x l w a j a E a l n aa b a y n a h u m aa z a r E aa n
00013_00089927,w a H a f a n aa h u m aa b i n a x l w a j a E a l n aa b a y n a h u m aa z a r E aa
00013_00090,w a y a m $ i f ii l < a s w aa k
00013_00092,< a f a < a aa m i n uu m a k r a ll a h i f a l aa y a < m a n a m a k r a ll a h i < i ll aa l q A w m u l x AA S I r
00013_00093,l aa < i k r aa h a f ii dd ii n i q A d a b a yy i n aa rr u j t uu m i n a l g A y <
00013_00094,w a l i k u ll i j a h a h w a m u w a ll ii h aa f aa s t a b I q U l x A y r aa t
00013_00095,w a E d a d n aa l i l k aa f i r ii n a E a * aa b aa m u h ii n aa
00013_00096,l ii y a z i ll a * ii n a < a m a n uu w a E m i l uu SS AA l i H aa t ii
00013_00097,< a rr aa rr a H m a
00014_00000,w a tt A q A ll a h a ll a * ii y t a s aa < a l uu n a b i h i w a l < a r H aa m
00014_00000766,w a tt A q AA ll a h i ll a * ii t a s aa < a l w a n a b i h i w a l < a r H aa m
00014_00001,< i nn a m aa y a x $ a ll a h a m i n E i b aa d i h u l E u l a m aa
00014_00002,< a nn a ll a h a b a r ii < u mm i n a l m u $ i k ii n a w a r a s uu l h
00014_00003,w a < i * i b t a l aa i b r aa h ii m u r a bb u h
00014_00008,< a m t A q UU l uu n a < i nn a < i b r aa h i m a w a < i s m aa E ii l w a i z H AA q A w a y a E q UU b a w a l < A S b AA T A k aa n uu h uu d aa < a w n A S AA r aa
00014_00008902,< a m t A q UU l uu n a < i nn a I d r aa h i m a w a < i s m aa E ii l a < a y s a H AA q A w a y a E q UU b a w a l < A S b AA T A k aa n uu h u d aa < a w n A S AA r aa
00014_00009,w a k a * aa l i k a j a E a l n aa k u m < u mm a w a S A T AA
00014_00010,w a l a w b A S A T A ll a h u rr i z q A l i E i m aa d i h
00014_00013,w a < i nn a m i n h u m l a f a r ii q AA y a l uu n a < a l s i n a t a h u m b i l k i t aa b
00014_00013871,w a < i nn a m i n h u m l a f a r ii q AA i l uu uu n a < a l s i n a t u h u m b i l k i t aa b
00014_00014,s a l b a n ii < i s r aa < ii l a k a m t a y n aa h u m m i n < aa y a b a y ii n a
00014_00015,y a s < a l u k a < a h l u l k i t aa h u w a b ii < a n t u n a zz i l E a l a y h i m k i t aa b aa m i n ss a m aa
00014_0001570,y a s < a l u k a < a h l u l k i t aa E w a b ii < a n t u n a z i l E a l ii y h u m k i t aa b aa m i n ss a m aa
00014_00017,w a s l uu E a l a y h i m n a b a < a i b r aa h ii m
00014_00017161,w a s l uu E a l a y h i m n a b aa < i b r aa h ii m
00014_00018,w a H ii n a T A b a E uu n a s i y aa b a k u m m i n h II r aa
00014_00020,t a b a E u h aa rr aa d i f a
00014_000203,t a b a E u h aa rr aa d i f a
00014_00021,f a < i d aa h u m m i n l < a j z aa d i < i l aa r a bb i h i m y a n s i l uu n
00014_00021800,f a < i * aa h u m m i n a l < a j d aa d i < i l aa E a r a bb i h i m y a n s i l uu n
00014_00022,l A q A d k a f a r a ll a * ii n a q AA l uu < i nn a ll a h a s aa l ii s a l aa s a
00014_00023,q AA l a k a m l a b i tt u m f ii l < a r d i E a d a d a s i n ii n
00014_00023437,q AA l a k a m l a b i tt f ii l < a r D i E a d a l a s i n ii n
00014_00024,^ u mm a $ t a b aa h u r a bb u h u f a t aa b a E a l ii y y
00014_00027,f a h y aa < i l aa l < a f q AA n i f a h u m m U q m a H uu n
00014_00028,w A D A ll aa l n aa h aa l a h u m f a m i n h aa r u k uu b u h u m
00014_00028887,w A Z A ll a nn aa h a E a l a h u m f a m i n h aa r a k uu b u h u m
00014_00029,l i ll a * ii n a t a s t a r ii a E y u n u k u m
00014_00030,* aa l i k u m < a s k aa l a k u m w a < A T h a r
00014_00031,b i b I D AA E a m u $ j aa f a < a w f ii
00014_00035,< i nn a ll a h i g A n ii y a E a n i l E aa l a m ii n
00014_0003539,< i nn a ll a h a g A n ii y a E a n i l E aa l a m ii n
00014_00035441,< i nn a ll a h a g A n ii y aa E a n ii l E aa l a m ii n
00014_00037,f aa l H a m d u l i ll a h i r a bb a l E aa l a m ii n
00014_00038,w a y i z q AA l a < i b r aa h i m u r a bb u j E a l h aa * aa l b a l a d a < aa m i n aa
00014_00038663,w a < i z q AA l a < i b r aa h i m u r a bb u i j E a l h aa * aa l b a l a d a E aa m i n aa
00014_00039,w a < u l aa < i k a h u m w u l m u f l i H ii n
00014_00039631,w a < u l aa < i k a h u m u l m u f l i H ii n
00014_00040,* aa l i k a l k i t aa b u l aa r a i b a f ii h
00014_00040775,* aa l i k a l k i t aa b u l E aa r a y b u f ii h
00014_00040787,s aa l i k a l k i t aa b u l aa r a y b u f ii h
00014_00041,w a m aa m u H a mm a d < i ll aa r a s uu l
00014_00045,w A q UU d u h aa nn aa s i w a l H i j aa r a
00014_00046,l i k a y l aa y a k uu n a d uu w l a t u f a y n a l < a g n i E i m i n k u m
00014_00050,i h d ii n a zz i r AA T A l m u s t A q II m
00014_00051,q AA l a l aa t a x AA f aa < i nn a n ii m a E k u m aa a s m a E uu w a < a r aa
00014_00054,w a < i nn aa l a n a H n u n u H ii w a n u m ii t u w a n a H n u l w aa r i z uu n
00014_00054423,y a w m a n A T U y a ss a m aa < a q A T II yy i ss i j i ll i l i l k i t aa b
00014_00055,w a < a E r i D E a n i l j j aa h i l ii n
00014_00056,h u w a < i z a E a nn a l b a y t a m a ^ aa b a t a l i nn aa s i w a < a m n aa
00014_00057,l a < aa k a l m i n f a w q I h i m w a m i n t a H t i < a r j u l i h i m
00014_00057521,l a < a k a l w a m i n f a w q I h i m w a m i n t a H t i < a r d u l i h i m
00014_00059,w a l a n t a s t A T II E u < a n t a E d i l uu b a y n a nn i s aa < i w a l a w H a r a s t m
00014_00059245,w a l a n t a s t A T II E uu < a n t a E j i l uu b a y n a nn i s aa < i w a l a w H a r a s t m
00014_00060,w a m a n a z d A q U m i n ll a h i H a d ii s aa
00014_00060583,w a m a n A z d U q U m i n ll a h i H a d ii s aa
00014_00061,s i r AA T A ll a * ii n a E a n E a m t a E a l a y h i m g II r i l m a g D UU b i E a l a y h i m w a l A D f AA l ii m
00014_00061433,s i r AA T A ll a * ii n a < a m E a m t a E a l a y h i m g A y r i l m a g D UU b i E a l a y h i m w a l a DD AA a ll ii m
00014_00061761,S I r AA T A ll a * ii n a < a n a m t a E a l a y h i m g A y r i l m a g D UU b i E a l a y h i m w a l a b f AA ll ii n
00014_00062,f a m a n SS U rr a g A y r a b aa g w a l aa E aa d f a l aa < i s m a E a l ii y h
00014_00063,w A q AA t i l uu f ii s a b ii l i ll a h i ll a * ii n a y U q AA t i l uu n a k u m w a l aa t a H t a d uu
00014_00063994,w A q AA t i l uu f ii s a b ii n i ll a h i ll a * ii n a y U q AA t i l uu n a k u m w a l aa < a t a H t a d uu
00014_00064,w a s m a E g A y r a m u s m a E
00014_00067,< i nn a m aa n a H n u f i s n a f a l aa t a k f a r
00014_00067682,< i nn a m aa n a H n u f ii s n a u m f a l aa t a k f u r
00014_00070,w a j a d a h aa T A T A l E u E a l aa q A w m l a m n a j E a l
00014_0007012,w a j a d a h aa T A < T A l h u E a l aa q A m l a m n a j E a l
00014_00071,w a m ii $ a rr i nn a ff aa f E a t i f ii l E U q A d
00014_00073,f a w a ll ii y w u $ H a k a $ A T r a l m a s t i d i l H a r aa m
00014_00074,w a l aa j u n aa E a l a y k u m
00014_00076,w a < a d ii k a < i l aa r a bb i k a f a t a g $ aa
00014_00077,m i n l < a n b aa E i m aa f ii y h i m u s t a j a r
00014_00077875,m i n a l < a m b aa < i m aa f ii h i m u s t a j a r
00014_00078,w a l aa < A q UU l uu l i ll a * ii n a t a s t a r ii < a E y uu n u k u m
00014_00079,f a h a l m i n m u tt a k i r
00014_00080,w a w E aa E a nn aa m uu s a s a l aa s ii n a l a y l aa
00014_00080167,w a w aa E a nn aa m uu s aa s a l aa t ii n a l a y l aa h
00014_00082,q AA l a m a E AA Z A ll a h i < a nn a < x U * a
00014_00082531,q AA l a m a h aa Z A ll a h i < a nn a < a x U * aa
00014_00084,w a < i nn ii E u s t u b i r a bb ii y w a r a bb i k u m
00014_00084108,w a < i nn ii E u t u b i r a bb i w a r a bb i k u m
00014_00085,m aa y u H aa < i l ii y a m i n r a bb ii
00014_00086,w A D U < x U r f aa w a < i nn a k u ll a * aa l i k
00014_00087,E i n d a h aa r i s q AA q AA l
00014_00088,y a H $ a nn aa s a h aa * aa E a * aa b < a l ii m
00014_00089,w a H a f a f n aa h u m aa b i n a x l w a j a E a nn aa b a y n a h u m aa z a r E aa
00014_00090,w a y a m s ii f i l < a s w E k i
00014_00090195,w a y a m s ii f ii l < a s w aa k
00014_00092,f a < a E m a n uu a m a k r a ll a h i f a l a y < a m a n u m a k r a ll a h i < i ll aa l q A w m u l x AA S I r uu n
00014_00092243,< a f a E a m i n uu m a k r a ll a h i f a l a y i < a m a n uu m a k r a ll a h i < i ll aa l q A w m u l x AA S I r uu n
00014_00093,l aa < i k r aa h aa f ii dd ii n i q A d t a b a yy a n a rr u j d u m i n a l g A y y
00014_00094,w a l i k u ll i u j h a h u w a m a ll ii h aa f aa s t a b l I q U l x A y r aa t
00014_00095,w aa E a d a d n aa l i l k aa f i r ii n a E a * aa b aa m u h ii n aa
00014_00095780,w a < a E d a t n aa aa l i l k aa f i r ii n a E a * aa b aa m u h ii n aa
00014_00096,l i y a zz ii a ll a * ii n a < aa m a n uu uu E a m i l u SS AA l i H aa t
00014_00097,< a l rr a H m aa n
00015_00000,a tt A q U ll a h aa ll a * ii t a s aa < a l uu n a b i h i w a l < a r H aa m a
00015_00001,< i nn a m aa y a x $ aa ll a H a m ii f i * aa t u x uu < u l a m aa
00015_00003,w a < i * tt a l aa < i b r aa h ii m a r a bb u h
00015_00003361,w a < i * ii tt a l aa < i b r aa h ii u r a bb u
00015_00003505,a < i * i tt a r aa i b r a h i m uu r a bb
00015_00003646,w a < i * ii tt a l aa < i b r aa h ii m a r a bb
00015_00006,w a l y a s t a E ii ll a * ii n a l aa y a j u d uu n a n i k aa H aa
00015_00006970,a l y a s t a E i a b ii n a n aa m a j i t u m i n k aa E
00015_00006987,w a l y a s t a E i ll a * ii n a l aa y a E j a d uu n a m i k aa H
00015_00008,< a m t A q UU l uu n a < i nn a < i b r aa h i m a w a s m aa E i l a w a < i z H aa q A w a y a E q UU b w a l < A S b AA T A k aa n u h uu d aa < a w n A S AA r aa
00015_00008361,E a n t A q UU l uu n a < i nn a < i * r uu h ii n w a i s m a r ii d a w a < z H a E q w a y aa q UU b w a l < A S l aa T a k a r m u h uu t a < a E m a n A S l AA r aa
00015_00010,w a l a w A S A T A ll a h u rr i s q A l i E i b a E a d i h
00015_00010706,w a l a w b A S l A T l aa ll a h u rr i z q A d i H i * aa t i h
00015_00013,w a < i nn a m i n h u m l a f a r i y I q A n y a l uu n a < a l s i n a t u h u m b i l k i t aa b
00015_00014,s a l b a n ii I S r aa < ii l a k a m t a y n a h u m ii < a E y a t b a y l ii n a
00015_00015,y a s < a l u k a < a l aa l k u t uu b i < a n t u n aa zz i l a E a l a y h i l k i t aa b aa m i n a ss a m aa
00015_00015246,y a s < a l u k a < a h l u l k u t uu b i < a n t u n a zz i l a E a l a y h i m k i t aa b a m m i n ss a m aa
00015_00016,l A q A d k aa n a f ii yy u h u s u f a w a < i x w a t i h i < a E y aa E ll i ss aa < i l ii
00015_00016591,l A q A d k aa n aa f ii uu u s u f a w a < i x w a t i h i < a E y aa E t u l i ss aa < i l ii n
00015_00017,w a ss i E a l i h i m n a b a r a < i * r a h ii m a
00015_00017413,w a ss h uu E a l a y h i m n a b aa < i b r aa h ii m
00015_00017619,w a s l u E a l a y h i m n a b a < a i b r aa h ii m
00015_00018,w a H ii n a m T A w a E uu n a ^ i y aa b a k u m m i n a DD f a h ii r a
00015_00019,m a n a m u n aa < a n u < m i n uu l a
00015_00020,m a E u w h aa rr u E a t i f a h
00015_00021,f a < i * aa h u m m i n a m < a j d aa d i < i l aa r a bb i h i m y a n s i l uu
00015_00023,q AA l a k a m l a b ii m f ii l < a r b i E a d a t a s i n ii n
00015_00024,^ u mm a $ t a b aa h u r a bb u h u f a t aa b a E a l i k
00015_00025,w a y a k uu n u kk ii n u r ii y a
00015_00025806,w a y a k uu m u tt i l u l ii ll a h
00015_00029,l i ll a * ii n a t a s t a r ii a E y u n u k
00015_00029876,< i ll a * ii n a t a s t a r ii < a E l u m u k uu m
00015_00031,ii b ii D AA E a t m u s jj E aa f a < a w f
00015_00031171,q i b i TT AA E E a t m u s tt a E a m i ^ h aa < a w
00015_00033,< a ll a * ii y u s t ii l a k u m u l f u l k
00015_00033202,< a ll a * ii y u s t ii l a k u m u l f u l k aa
00015_00033335,< a ll a * ii l u f t i l l a k u u l f u l k aa
00015_00034,< ii y a k a n a E b a d
00015_00037,< a l H a m d u r i ll a h i r a bb a l E aa n a m ii
00015_00037220,< a l H a m d u l i ll a h i r a bb a n E aa l a m ii
00015_00037303,a l H a m d u n ii aa H i r uu a l H aa l aa
00015_00037771,a < a l H a m t u l i ll a h i r a bb a l E aa n a m ii n
00015_00038,w a < i * q AA l a < i b r aa H ii m u r a bb u j E a l h aa * aa l b a l a t a < a E m i n aa
00015_00041,w a m aa m u H a mm a d < i ll aa r u S UU n
00015_00041436,w a m aa m u H a mm a d < i ll aa r a s uu l
00015_00041970,w a m aa m u H a mm a d < i ll aa r A s uu l
00015_00042,w a k a * aa l i k a j a E a l n aa k u m u mm a w A S A T
00015_00043,w a E a d aa ll a h i l aa y u x l i f u ll a h a w a E j a
00015_00044,f a s a bb i H b i s m i r a bb i k a l E A D II m
00015_00046,i k a y l aa y a k uu uu n aa t uu l a t u b a y n aa l < a b n ii y aa < i m i n k
00015_00049,a E a s ii n a n uu n a b i l g A y ii
00015_00050,i h i d ii n a zz i r a T AA m u s t A q ii m
00015_00052,ii y aa k a n a H u d u h w a < i n a k a n i s t a E
00015_00053,w a s ii q AA ll a * ii n a tt A q A w r a bb u h u m < i l aa l j a nn a t i z u m r aa
00015_00053605,w a s ii q AA ll l a * ii n a tt A q w r u bb a h u m < i l aa j a nn a t h i z u r aa
00015_00057,l a < a k a l uu m i n f a w q II y i w a m i n t a H t i < a r j u r i h i m
00015_00057654,l a < a k a n uu m i n f uu q I h i w a m i n t a H t i < a r t u l i h
00015_00060,w a m a n < a z d A q U m i n a ll a h i H a d ii ^ aa
00015_00060884,w a m a n < a z d A q UU m i n ll a E i H a d ii ^ aa
00015_00062,f a m a n T U rr a g II r a b aa g w a l aa E aa t f a l aa < i ^ m a E a l ii
00015_00062580,s a m n tt U rr a g A y r a b aa q I l w a l aa E aa d l f a l aa < i ^ m a E a l ii
00015_0006294,S a m a l TT U rr a g A y r a b aa g w a l aa H aa t f a l aa < i h m a E i l ii
00015_00066,w a < u x r aa n a m t A q Z I r u E a l a y h aa < a d < a H aa b U ll a h u b i h aa
00015_0006621,w a < u x r aa l a m T A q d i r uu E a l a y h aa q A d < a H aa D U ll a h u b i h aa
00015_00066542,a l x r aa l a m t A q j i r uu E a l a y h aa q A d < a H h r a T u ll a h u < i h aa
00015_00067,< i nn a m aa n a H n uu f i s n a t uu m f a l aa t a k f uu
00015_00068,w A T A T H a k uu n a w a l aa t a kk k u m
00015_00069,l a w l aa < a n ^ a bb a t n aa k a l A q A d k u tt aa r u k n u < i l a y h i m $ a y < a q A l ii l aa
00015_00070,w a j a d a h aa T A T l u E uu E a l aa q A w m i n l a m n a j E a l a
00015_00073,f a w a l i w a $ a k $ A T r aa m a s j i d u l H a r AA
00015_00073469,f a w a n i w a $ h a k a $ A T r aa m a s t i d i l H a r aa u m
00015_00075,f A S f < a n h u m u q U l s a l aa m
00015_00075404,< AA SS f a E a n h u m w A q U l s a l aa m
00015_00076,w a < a H d ii y a k a < i l aa r u bb i k a f a t a q $ aa
00015_0007691,w a < a H d ii y a k a < i l aa r a bb i k a f a t a r $ aa
00015_00077,m i n l < a m b aa < i m aa f ii h i m u s t a $ a b
00015_00077261,m i n a l < a m b aa < i m aa f ii h i m u s t a j a b
00015_00077558,m i a l < a mm b aa < i m aa f ii h i m u s t a j a r
00015_00077573,i n a l < a m b aa E < i m aa f ii h i m u s t a $ a
00015_00077607,m i n a n < a m b aa < i m aa f ii h i m u s t a $ a r
00015_00080,w aa E a nn aa m u s aa t a l E a t ii a l ii
00015_00081,f A D AA q A t w a b aa l < a m r i h aa
00015_00081608,f a w AA A t w u b aa l a < a m r i h aa
00015_00082,q AA l a m a H aa Z A ll a h i < a nn a < x U d aa
00015_00082591,q AA l a m a H a D A ll a h i < a nn a < A x U d
00015_00083,< a t a tt A q U ll a h aa ll a * ii t a s aa < a l uu n a b i h i w a l < a r H aa m aa
00015_00084,< i nn ii E u t uu b i r a bb i y r u bb u k u m
00015_00085,h aa y a H aa < i l a y y a m a d a H r aa q
00015_00088,a H $$ a ll a E a s a h aa * a < a E a * a h a b < a n ii
00015_00089,w a H a f n aa h u m aa b i n a x l w a j a E a nn aa b a y n a h u m aa z a r < a
00015_00091,f a w l i w a j a k a $ A T l m a s t i d u l H a r aa m
00015_00091360,f a w a ll i w a j h a k a $ A T r a l m a s z i d u l H a r aa m
00015_00093,l aa < i k a r u h aa f ii dd i E ii n q A tt a b a yy aa n u rr u j t u m m i n l g A y
00015_00095,w a < a E a tt a t n aa l i l k aa f i r ii n a E a b aa b aa m u h ii n a
00015_00095766,w a < a E t a t n aa l i l k aa f i r ii n E a * aa b a l m u h ii n a
00015_00096,ii y a ss ii y a ll a * ii n a < aa m a l uu w u E m i r uu SS AA l i H aa
00016_00000,w a tt A q UU ll a h a aa ll a * ii t a s < a l uu n a b i h i l < a r H aa m
00016_00002,< i nn a ll a h a b a r ii < m i n l m u $$ u k ii n a w a r a s uu l i h
00016_00003,w a < i * a b t a l aa i b r a E ii m u r a bb u h
00016_00003990,w a < i * a b t a l a < i b r aa h ii m u r a bb u h
00016_00004,m aa n u s u x UU m a n < a E y a t
00016_00005,y u H $ ii k u m n u E aa s a < aa m i n a t aa m i n h
00016_00006,w a l y a s t a E a ll a * ii n a l aa y a j u d uu n a n i k aa H a
00016_00006522,w a l y a s t a E ll a d n ii n a l aa a j i d uu n a n i k aa H a
00016_00007,< a ll a h u ll a * ii x A l A k a k u m n b u H f l
00016_00007929,< a ll a h u ll a * ii x l a k a k u m m i n Z U E f
00016_00008,< a m t I q UU n uu n a < i nn a < i b r a h ii m a w < a s m a E i l a w a < i z H AA q A w a y A q UU b a l < A S b AA T A k aa l u b uu d aa < a w n A S AA r aa
00016_00011,w a < a S A rr u l n a d aa m aa l a mm a r a < u l E a * aa b
00016_00013,w a < i nn a m i n h u m l a f a r I q i l a w n < a n s i n a t u m b i l k i t aa b ii
00016_00015,y a s a E a l u k a < a h l aa l k u t u b ii < a n t u n a s i n E a l a y h u m k i t aa b aa m i n ss t a m aa <
00016_00016,l A q A d k aa n a r f < i m u uu s i f a h u < a x w a t ii < a E y a E l i ss aa < i l ii n
00016_0001647,l A q A t k aa n a f y a uu S i f a w x A t i < aa y aa i ss aa < i l ii
00016_00018,w a H ii n a l t A Z A E uu n a ^ i y aa b a k u m m i n TT A h ii r a
00016_00018235,w a H ii n a TT A b a g uu n a ^ i y aa b a k u m m i n DD A x ii r a
00016_00020,t a b uu h aa rr aa d i f a
00016_00020545,t a b a E H aa rr aa d i f a
00016_00021,f a < i * a h u mm a n a l < a j d aa d i i r i l aa r a bb i h u y a n s i r ii n
00016_00022,l A q A d k a f a r a ll a * ii n a q AA l uu < i nn a ll a ^ aa ^ a l aa ^ a t ii
00016_00024,^ u mm a $ t a b aa h u r a bb u h u f a t aa b a E a l a y
00016_00024206,^ u mm a $ t a b aa h u r u bb u h u f a t aa b a E a l ii
00016_00027,f a h ii < i l aa l < A T q AA n i f a h u m m U q H i m uu n
00016_00027586,a h i y a < i l aa l < a * q AA n ii f a r m m U q m a H uu n
00016_00027931,f a h ii < i l aa l < a b q AA < i f a w m m U q m a H uu n
00016_00028,w A D A ll a l n aa E aa f a m i n h aa r u k uu b u h
00016_00029,l i ll a * ii n a t a s t a r ii < a E y u n u k uu m
00016_00029256,l i ll a * ii n a t a s t a r ii < a E y u n a k u m
00016_00029650,l i ll a * ii n a t a s t a r ii < a E y u n a k u m
00016_00033,< a ll a * ii y u s j ii l a k u m u l f u l k
00016_00034,< i y aa k a n aa b u j
00016_00034343,< ii y aa k a n a E b u t
00016_00034403,l a y aa q l n E g u j uu
00016_00036,w a < i nn a ll a h u E a l aa k u nn u $ aa < q A d ii r
00016_00036989,w a < i nn a ll a h a E a l aa k u ll u $ a y < q A d ii r
00016_00037,< l H a m d u l i ll a h i r a bb a l E aa l a m ii
00016_00037636,< a l H a m t u l i ll a h i r a bb a a l E aa l a m ii
00016_00038,w a < i * q AA l a < i b r aa h ii m u r a bb uu u j aa l h aa * aa l b a l a t i E aa m i n a
00016_00038972,w a < i * q AA l a < i b r aa h ii m u r a bb u < u j a l h aa t aa l f a l a t a E aa m i n l
00016_00040,* aa l i k a l k i t aa b u n aa r a y b uu f ii y
00016_00041,w a m aa m u H a mm a t u < a l l aa r u s uu l
00016_00041411,w a m aa m u H a mm a d uu < i ll aa r a s uu l ii
00016_00042,w a k a * aa l i k a j u E a l n aa k m u t aa w U S A
00016_00042534,w a k a * aa l i k a j a E a l n a k u m u m a t aa w A S A T
00016_00043,w a E a d a ll a h i l aa y a x l i f u ll a h a w a E d a
00016_00043541,w a E a d a ll a h i l aa y u x r i f u ll aa h a w a E i t a h
00016_00044,f a s a bb i H b i s m a r a bb i k a l E A Z II m
00016_00045,w A q UU t u h aa nn aa s i w a l H u j aa r a
00016_00047,< i nn a SS A f a w a l w a r a m i n $ aa E < i r uu ll a h
00016_00047769,< i nn a SS A f a w u l m a r r a m u n $ a E aa < i r u ll a h
00016_00052,< i yy y aa k a n a E w u d uu u < a y aa k a n i s t a n ii n
00016_00054,y a w m a n a t w i ss a m aa q A t I y a s i j l i l i l q U t u b
00016_00054340,y a w m a n a t w a ss a m aa E a q A T I y a ss i j r ii l k U t u b
00016_00055,w a E r A D E a n aa tt aa h i l
00016_000557,w aa E r a b E a < a l aa h i n ii d
00016_00056,w a i b j a E a nn a l b a y t aa m a * aa b a t i l i l n aa s i y u < aa m i n a n
00016_00057,l a < a k a l m a n f a q I h i w a m i n t a H t i < a r j u l u h i m
00016_00059,w a l a n t a s t A T II E u < a n t a E d ii l u b a y n a nn i s aa < i w a l u H a r i s t m
00016_00060,w a w m i n < a z d A q UU m i n ll a h i H a d ii ^ aa
00016_00060426,w a m i n < a z d A q UU m i n ll a h i H a d ii ^ aa
00016_00060500,m a n < a S d A q UU m i n ll a h i H a d ii ^ a
00016_00063,w A q AA t u l u f ii s a m ii l i ll a h i ll a * ii n a y A q AA t u l uu n a k u m w a l aa t a H t a d uu n
00016_00064,w a < a s m a g A y r a m u s m i E
00016_00065,w a m a k aa n a E A T AA < a r a bb i k a m a H * a w r aa
00016_00066,w a < u x r aa l a m u t A q t i r uu E a l a y h aa q A d < a H AA T A ll a h u b i h aa
00016_00067,< i nn a m aa n a H n uu f ii s a n a t f i r a t a k f a r
00016_00068,w a TT A b H a k uu n a w a l aa t u kk uu n
00016_00070,w a j a d h aa t A T l a E u E a l A q A m m i n l a m n a j E a l
00016_00071,< a m a n $ a rr n a f aa f aa t i f u l E A q I d
00016_00071530,w a m i n $ a rr i nn a ff aa f a E a t i f u l E U q A d
00016_00072,w A q t u l uu h u m H a y ^ a q A f t u m uu h m
00016_00073,f a w a ll ii w a $ a k a $ A T r a l m a s j i t i l H a r a m
00016_00073881,f a w a ll ii w a $ H a k a $ A T r aa m a s j i t i l H a r aa m
00016_00075,f AA SS f a E a l h u m w A q U s a l aa m uu m
00016_00075491,f AA SS f a E a n h u b uu q U l s a l a E w
00016_00076,w a < a H d ii k a < i l aa r a bb i k a f a t a g $ aa
00016_00077,m i n l < a l b aa < i m a r f ii y u m u s t a j aa r
00016_00078,w a l a < A q UU l u l i ll a * ii n a t a s t a r ii < a E y uu n a k u m
00016_00079,f a h a l m u n u t k i r
00016_00080,w a h a E a nn a w uu s aa ^ a l a ^ ii n a l a y l aa h
00016_00080607,w a w a E a nn a m uu s a ^ a l aa t ii n a l a y l a
00016_00081,f A D aa q A t w a b aa l i E a m r i h aa
00016_00083,f a s aa < a m a t r m u n a q b u r ii
00016_00084,w a < i nn ii E u tt b i r A qq I w a r a bb u k u m
00016_00086,w a t u x r u f a n uu < a n k u ll a n aa l i k
00016_00088,y a H $ a nn aa s a h aa * aa E a * aa b < a l ii m
00016_00088658,y a H $ a nn n aa s a h aa * aa E a d aa b < a l ii n
00016_00089,w a H a f n aa h u m aa b i n a x w a j a E a nn aa b a y n a h u m z a r E aa
00016_00090,w a y a m $ i f i l < a s w aa k
00016_00091,f a w a ll i w a $ a k a $ a T r aa m a ss i d i l H a r aa m
00016_00091599,f u w a ll i w a j a k a $ A T r a l m a ss i d i l H r aa m
00016_00092,< a f a < a m i n u m a k r a ll a h i f a l a E i y a < m a n u m u k r a ll ll a h i < i ll aa l q A w m u x AA SS I uu n
00016_00093,l aa < i k r aa h aa f ii dd ii n i q A tt a b a yy a n a rr u j t uu m i n l g A y
00016_00093799,l aa < i k r aa h aa f ii tt ii n i q A tt a b a y n a rr a j m i n a l g A y
00016_00094,w a l i k u ll i j a E t h uu m w a ll i h aa f aa s t a b u l x A y r aa
00016_00096,l ii z ii ll a * ii n a < a m a n uu a E a m a l uu SS AA l i H aa t ii
00016_00097,< a l r a H m aa y
00017_00001,< i nn a m aa y a x $ a ll a h u m i n E i b aa d i h u l E l a m aa <
00017_00002,< a l nn a ll a h a b a r ii < m i n a l m u $ r i k ii n a w a r a s uu l i h
00017_00002459,< a nn a ll a h a b a r ii < m i n a l m u $ r i k ii n a w a r a s uu l i h
00017_00003,w a < i * i b t a l aa < i b r aa h ii m u r a bb u h
00017_0000322,w a < i * aa tt a l aa < i b r aa h ii m u r a bb u h
00017_00004,m aa n a n s a x u m i n < aa y a
00017_00005,y u x $ ii k u m u n u E aa s a < a m a n a m i n h
00017_00005850,y u x $ ii k u m u E aa s a < a m a n a m i n
00017_00006,w a l y a s t a E aa ll a * ii n a l aa y a j i d uu n a n i k aa H aa
00017_00008,h a m t A q UU l uu n a < i nn a < i b r aa h ii m a w a < i s m aa E ii l a w a < i z H AA q A w a y a E q UU b a w a l < A S b AA T I k aa n uu h uu d aa < a w n A S AA r
00017_00008724,< a m t A q UU l uu n a < i nn a < i b r aa h ii m a w a < i s m aa E ii l a w a < i z H AA q A w a y a E A q UU b a w a l < A S b AA T I k aa n u h uu d aa < a n A S AA r aa
00017_00012,h a l < a d u ll u k a E a l aa j a j a r a t i l x U l d
00017_00014,s a l b a n ii i s r aa < ii l a k a m < a t a y n aa h u m m i n < aa y a b a y i n a
00017_00015,y a s < a l u k a < a h l u l k i t a w b i < a n t u n a zz i l a E a l a y h i m k i t aa b aa m i n a ss a m aa <
00017_00015780,y a s < a l u k a < a h l a l k i t a w b i < a n t u n a zz i l a E a l a y h i m k i t aa b aa m i n a ss a m aa
00017_00017,w a s l u E a l a y h i m n a b a < a i b r aa h ii m
00017_00017294,w aa s l u E a l a y h i m n a b a < a < i b r aa h ii n
00017_00018,w a H ii n a T A Z A E uu n a ^ i y aa b a k u m m i n a DD A h ii r a
00017_00018115,w a H a y n a t A T AA E uu n a ^ i y aa b a k u m m i n ZZ A h ii r a
00017_00019,< a f A T A T m a E uu n a < a n y u < m i n uu l a k u m
00017_00020,t a b a E u h aa rr aa d i f a
00017_00020345,t a b a E h u h aa rr aa d i f a
00017_00020693,t a b a E u h aa rr aa d i f a
00017_00021,f a < i * aa h u m m i n a l < a j d aa d i < i l aa r a bb i h i m y a n s i l uu n
00017_00022,l A q A t k a f a r a ll a * ii n a q AA l uu < i nn a ll a h a ^^ aa l ii ^ a l aa ^ a
00017_00022628,l A q A t k a f a r a ll a * ii n a q AA l uu < i nn a ll a h a ^ aa l i ^ a l aa ^ a
00017_00023,q AA l a k a m l a b i tt u m f ii l < a r D I E a d a d aa s i n ii n
00017_00024,^ u mm a $ t a b aa h u r a bb u h u f a t aa b a E a l a y
00017_00025,w a y a k u n a tt ii n u l i ll a
00017_00025395,w a y a k uu n a tt ii n u l i ll a
00017_00026,* aa l i k a < a nn aa < a ll aa t a E uu l
00017_00026370,* aa l i k a < a nn a < a ll aa t a E uu l
00017_00027,f a h i y a < i l aa l < A * q AA n i f a h u m m U q m a H uu n
00017_00027146,f a h i y a < i l aa l < A * q AA n i f a h u m m U q m a H uu n
00017_00028,w A D A ll a l n aa h aa l a h u m f a m i n h aa r a k uu b u h u m
00017_00028193,w A Z A ll a l n aa h aa l a h u m f a m i n h aa r a k uu b u h u m
00017_00030,* aa l i k u m < a s k aa l a k u m w a < a f h a r
00017_00031,b i b I D AA E a t m u s j aa t f a < a w f
00017_00031896,b i b ii T A E a t m u s j aa t f a < a w f
00017_00032,l a y u s l I q UU n a k a b i < a f S AA r i h i m
00017_00034,< ii y a k a n a E b u d uu
00017_00036,w a < i nn a ll a h a E a l aa k u ll i $ a y < q A d ii r
00017_00037,< a l H a m d u l i ll a h i r a bb a l E aa l a m ii n
00017_00040,* aa l i k a l k i t aa b u l aa r a y b u f ii
00017_00040559,* aa l i k a l k i t aa b u l a aa r a y b u x ii
00017_00040955,* aa l i k a l k i t aa b u l aa r a y b u f ii
00017_00043,w a E i d a ll a h i l aa y a x l i f u ll a h a w a E d a h
00017_00043296,w a E d a nn a h i l aa y a x l i f u ll m a h a w a E d a
00017_00045,w A q UU d u h aa nn aa s i w a l H i j aa r a
00017_00045351,w A q UU d u h u nn aa s i w a l H i j aa r a
00017_00046,l i k a y l aa y a k uu n a d uu l a u m b a y n a l < a g n i y aa < i m i n k u m
00017_00047,< i nn a SS A f aa w a l m a r w a t a m i n $ a E aa < i r u ll a h
00017_00048,< i nn a ll a h a y a f E a l u m aa y u r ii d a
00017_00050,< a h d ii n a zz I r AA T AA m u s t A q II m
00017_00050240,h d ii n a DD I r AA T A l m u s t A q II m
00017_00050578,< a h d i n a DD I r AA T A l m u s t A q II m
00017_00050997,a h d i n a zz I r AA T AA m u s t I q II n
00017_00052,< ii y aa k a n a E b u d uu a E ii y aa k a n i s t a E ii n
00017_00052920,< ii y a k a n a E b u d E ii y aa k a n i s t a E ii n
00017_00054,y a w m a n A T U i ss a m aa < i q A T A yy i ss i j i ll i l i l k u t u b
00017_00055,w a < a E r I D E aa < a j aa h i l ii n
00017_00055237,w a < a E r I D E a n < a j aa h i l ii n
00017_00056,w a < i * a E a nn a l b a y t a m a ^ aa b a l i nn aa s i w a < a m n aa
00017_00058,q AA l aa r a b n aa < i n aa n a x AA f u < a n y a f u r U T A E a l a y n aa
00017_00059,w a l a n t a s t A T II E u < a n t a E d ii l uu b a y n a nn i s aa < i w a l a w H a r a s t
00017_00060,w a m a n < a z d A q U m i n a ll a h i H a d ii ^ a
00017_00060352,w a m a n < a z d A q m i n ll a h i H a d ii ^ a
00017_00061,S I r AA T A ll a * ii n a < a n E a m t a E a l a y h i m g A y r i l m A g D UU b i E a l a y h i m w a l a D b AA ll ii n
00017_00061366,S I r AA T A ll a * ii n a < a n E a m t a E a l a y h i m g A y r i l m a g D UU b i E a l a y h i m w a l aa ZZ AA ll ii n
00017_0006169,s a r AA T A ll a * ii n a < a n E a m t a E a l a y h i m g A y r i l m a b D UU b i E a l a y h i m w a l A ZZ AA l ii n
00017_00062,a m a n i n T U rr a g A y r a b aa g w a l aa E aa d f a l aa < i f a m a E a l a y n
00017_00063,w A q AA t i l uu f ii s a b i l i ll a h i ll a * ii n a y U q AA t i l uu n a k u m w a l aa t a H t a dd uu
00017_00065,w a m aa k aa n a E A T AA < u r a bb i k a m a H * uu r aa
00017_00068,w A T A T H a k uu n a w a l aa t a b k uu n
00017_00068618,w a T A T H a k uu n a w a l aa t a b k uu n
00017_00070,w a j a d a h aa t A TT A l E E a l aa q A w m i ll a m n a j E a l
00017_00070309,w a j a d a h aa T A TT A l u E E a l aa q A w m ll a m n a j E a l
00017_00070548,w a j a d a h aa T A TT A l i r u E a l aa q A w m i l a m n a j E a l
00017_00072,w A q t u l uu h u m H a y ^ A q I f t u m uu h u m
00017_00073,f a w a ll i w a $ h a k a $ A T A r a l m a s j i d i l H a r aa m
00017_00077,m i n a l < a m b aa < i m aa f ii h i m u z t a j a r
00017_00078,w a l aa < A q UU l u l i ll a * ii n a t a r t a r ii < a E y uu n u k u m
00017_00079,f a h a l m i n m u tt a k i r
00017_00079395,f a h a l m i n m u tt a k i r
00017_00081,f A D AA q A t w a b aa l a < a m r i h aa
00017_00083,f a s aa < a m A T A r u l m u n Z A r ii n
00017_00085,m aa y u H a < i l a yy a m aa rr a rr a bb ii y
00017_00086,w A Z x r u f aa w a < i n k u ll u * aa l i k
00017_00086957,w A D x r u f aa w a < i n k u ll u * aa l i k
00017_00089,w a H a ^ a n aa h u m aa b i n a x l w a j a E a l n aa b a y n a h u m aa z a r E aa
00017_00090,w a y a m $ ii f i l < a s w aa k
00017_00091,f a w a ll i w a j h a k a $ A T r a l m a s t z i d i l H a r aa m
00017_00091564,f a w a ll i w a j h a k a $ A T r u l m a s t i d u l H a r aa m
00017_00091720,f a w a ll i w a j h a k a $ A T A r aa m a s t i d i l H a r aa m
00017_00092,< a f a < a m i n uu m a k r a ll a h i f a l aa y a < m a n uu m a k r u uu ll a h i < i ll aa l q A w m u l x AA S I r uu n
00017_00093,l aa < i k r aa h a f ii dd ii n i q A d a b a y a n a rr u j d u m i n a l g A y
00017_00094,w a l i k u ll j i h a h u w a m w a ll ii h aa f aa ss t a b I q U l x A y r aa t
00017_00095,w a < a E d a d n aa l i l k aa f i r ii n a E a * aa b aa m u h ii n aa
